exchange_symbol,root_symbol,instrument_name,underlying_name,underlying_asset_class_id,settle_start,settle_end,settle_method,settle_timezone,final_settle_start,final_settle_end,final_settle_method,final_settle_timezone,last_trade_time,quote_currency_id,multiplier,tick_size,start_date,end_date,first_trade,last_trade,first_position,last_position,first_notice,last_notice,first_delivery,last_delivery,settlement_date,volume_switch_date,open_interest_switch_date,auto_close_date,exchange_id,parent_calendar_id,child_calendar_id,average_pricing,deliverable,delivery_month,delivery_year
ZN_H90,ZN,10y Treasury Note,6.5 Year to 10 Year US Treasury Note,1.0,13:59,14:00,vwap,exch,12:00,12:01,Delivery,exch,12:01,USD,1000.0,0.015625,1989-06-20,1990-03-21,1989-06-20,1990-03-21,1990-02-27,1990-03-29,1990-02-28,1990-03-30,1990-03-01,1990-04-02,,,,first_notice,XCME,XCME,,,1.0,3,1990
ZN_M90,ZN,10y Treasury Note,6.5 Year to 10 Year US Treasury Note,1.0,13:59,14:00,vwap,exch,12:00,12:01,Delivery,exch,12:01,USD,1000.0,0.015625,1989-09-20,1990-06-20,1989-09-20,1990-06-20,1990-05-30,1990-06-28,1990-05-31,1990-06-29,1990-06-01,1990-07-02,,,,first_notice,XCME,XCME,,,1.0,6,1990
ZN_U90,ZN,10y Treasury Note,6.5 Year to 10 Year US Treasury Note,1.0,13:59,14:00,vwap,exch,12:00,12:01,Delivery,exch,12:01,USD,1000.0,0.015625,1989-12-19,1990-09-19,1989-12-19,1990-09-19,1990-08-30,1990-09-27,1990-08-31,1990-09-28,1990-09-03,1990-10-01,,,,first_notice,XCME,XCME,,,1.0,9,1990
ZN_Z90,ZN,10y Treasury Note,6.5 Year to 10 Year US Treasury Note,1.0,13:59,14:00,vwap,exch,12:00,12:01,Delivery,exch,12:01,USD,1000.0,0.015625,1990-03-21,1990-12-18,1990-03-21,1990-12-18,1990-11-29,1990-12-27,1990-11-30,1990-12-28,1990-12-03,1990-12-31,,,,first_notice,XCME,XCME,,,1.0,12,1990
ZN_H91,ZN,10y Treasury Note,6.5 Year to 10 Year US Treasury Note,1.0,13:59,14:00,vwap,exch,12:00,12:01,Delivery,exch,12:01,USD,1000.0,0.015625,1990-06-20,1991-03-19,1990-06-20,1991-03-19,1991-02-27,1991-03-27,1991-02-28,1991-03-28,1991-03-01,1991-04-01,,,,first_notice,XCME,XCME,,,1.0,3,1991
ZN_M91,ZN,10y Treasury Note,6.5 Year to 10 Year US Treasury Note,1.0,13:59,14:00,vwap,exch,12:00,12:01,Delivery,exch,12:01,USD,1000.0,0.015625,1990-09-19,1991-06-19,1990-09-19,1991-06-19,1991-05-30,1991-06-27,1991-05-31,1991-06-28,1991-06-03,1991-07-01,,,,first_notice,XCME,XCME,,,1.0,6,1991
ZN_U91,ZN,10y Treasury Note,6.5 Year to 10 Year US Treasury Note,1.0,13:59,14:00,vwap,exch,12:00,12:01,Delivery,exch,12:01,USD,1000.0,0.015625,1990-12-18,1991-09-18,1990-12-18,1991-09-18,1991-08-29,1991-09-26,1991-08-30,1991-09-27,1991-09-02,1991-09-30,,,,first_notice,XCME,XCME,,,1.0,9,1991
ZN_Z91,ZN,10y Treasury Note,6.5 Year to 10 Year US Treasury Note,1.0,13:59,14:00,vwap,exch,12:00,12:01,Delivery,exch,12:01,USD,1000.0,0.015625,1991-03-19,1991-12-18,1991-03-19,1991-12-18,1991-11-28,1991-12-27,1991-11-29,1991-12-30,1991-12-02,1991-12-31,,,,first_notice,XCME,XCME,,,1.0,12,1991
ZN_H92,ZN,10y Treasury Note,6.5 Year to 10 Year US Treasury Note,1.0,13:59,14:00,vwap,exch,12:00,12:01,Delivery,exch,12:01,USD,1000.0,0.015625,1991-06-19,1992-03-19,1991-06-19,1992-03-19,1992-02-27,1992-03-27,1992-02-28,1992-03-30,1992-03-02,1992-03-31,,,,first_notice,XCME,XCME,,,1.0,3,1992
ZN_M92,ZN,10y Treasury Note,6.5 Year to 10 Year US Treasury Note,1.0,13:59,14:00,vwap,exch,12:00,12:01,Delivery,exch,12:01,USD,1000.0,0.015625,1991-09-18,1992-06-18,1991-09-18,1992-06-18,1992-05-28,1992-06-26,1992-05-29,1992-06-29,1992-06-01,1992-06-30,,,,first_notice,XCME,XCME,,,1.0,6,1992
ZN_U92,ZN,10y Treasury Note,6.5 Year to 10 Year US Treasury Note,1.0,13:59,14:00,vwap,exch,12:00,12:01,Delivery,exch,12:01,USD,1000.0,0.015625,1991-12-18,1992-09-18,1991-12-18,1992-09-18,1992-08-28,1992-09-28,1992-08-31,1992-09-29,1992-09-01,1992-09-30,,,,first_notice,XCME,XCME,,,1.0,9,1992
ZN_Z92,ZN,10y Treasury Note,6.5 Year to 10 Year US Treasury Note,1.0,13:59,14:00,vwap,exch,12:00,12:01,Delivery,exch,12:01,USD,1000.0,0.015625,1992-03-19,1992-12-18,1992-03-19,1992-12-18,1992-11-27,1992-12-29,1992-11-30,1992-12-30,1992-12-01,1992-12-31,,,,first_notice,XCME,XCME,,,1.0,12,1992
ZN_H93,ZN,10y Treasury Note,6.5 Year to 10 Year US Treasury Note,1.0,13:59,14:00,vwap,exch,12:00,12:01,Delivery,exch,12:01,USD,1000.0,0.015625,1992-06-18,1993-03-19,1992-06-18,1993-03-19,1993-02-25,1993-03-29,1993-02-26,1993-03-30,1993-03-01,1993-03-31,,,,first_notice,XCME,XCME,,,1.0,3,1993
ZN_M93,ZN,10y Treasury Note,6.5 Year to 10 Year US Treasury Note,1.0,13:59,14:00,vwap,exch,12:00,12:01,Delivery,exch,12:01,USD,1000.0,0.015625,1992-09-18,1993-06-18,1992-09-18,1993-06-18,1993-05-28,1993-06-28,1993-05-31,1993-06-29,1993-06-01,1993-06-30,,,,first_notice,XCME,XCME,,,1.0,6,1993
ZN_U93,ZN,10y Treasury Note,6.5 Year to 10 Year US Treasury Note,1.0,13:59,14:00,vwap,exch,12:00,12:01,Delivery,exch,12:01,USD,1000.0,0.015625,1992-12-18,1993-09-20,1992-12-18,1993-09-20,1993-08-30,1993-09-28,1993-08-31,1993-09-29,1993-09-01,1993-09-30,,,,first_notice,XCME,XCME,,,1.0,9,1993
ZN_Z93,ZN,10y Treasury Note,6.5 Year to 10 Year US Treasury Note,1.0,13:59,14:00,vwap,exch,12:00,12:01,Delivery,exch,12:01,USD,1000.0,0.015625,1993-03-19,1993-12-20,1993-03-19,1993-12-20,1993-11-29,1993-12-29,1993-11-30,1993-12-30,1993-12-01,1993-12-31,,,,first_notice,XCME,XCME,,,1.0,12,1993
ZN_H94,ZN,10y Treasury Note,6.5 Year to 10 Year US Treasury Note,1.0,13:59,14:00,vwap,exch,12:00,12:01,Delivery,exch,12:01,USD,1000.0,0.015625,1993-06-18,1994-03-21,1993-06-18,1994-03-21,1994-02-25,1994-03-29,1994-02-28,1994-03-30,1994-03-01,1994-03-31,,,,first_notice,XCME,XCME,,,1.0,3,1994
ZN_M94,ZN,10y Treasury Note,6.5 Year to 10 Year US Treasury Note,1.0,13:59,14:00,vwap,exch,12:00,12:01,Delivery,exch,12:01,USD,1000.0,0.015625,1993-09-20,1994-06-20,1993-09-20,1994-06-20,1994-05-30,1994-06-28,1994-05-31,1994-06-29,1994-06-01,1994-06-30,,,,first_notice,XCME,XCME,,,1.0,6,1994
ZN_U94,ZN,10y Treasury Note,6.5 Year to 10 Year US Treasury Note,1.0,13:59,14:00,vwap,exch,12:00,12:01,Delivery,exch,12:01,USD,1000.0,0.015625,1993-12-20,1994-09-20,1993-12-20,1994-09-20,1994-08-30,1994-09-28,1994-08-31,1994-09-29,1994-09-01,1994-09-30,,,,first_notice,XCME,XCME,,,1.0,9,1994
ZN_Z94,ZN,10y Treasury Note,6.5 Year to 10 Year US Treasury Note,1.0,13:59,14:00,vwap,exch,12:00,12:01,Delivery,exch,12:01,USD,1000.0,0.015625,1994-03-21,1994-12-20,1994-03-21,1994-12-20,1994-11-29,1994-12-29,1994-11-30,1994-12-30,1994-12-01,1995-01-03,,,,first_notice,XCME,XCME,,,1.0,12,1994
ZN_H95,ZN,10y Treasury Note,6.5 Year to 10 Year US Treasury Note,1.0,13:59,14:00,vwap,exch,12:00,12:01,Delivery,exch,12:01,USD,1000.0,0.015625,1994-06-20,1995-03-21,1994-06-20,1995-03-21,1995-02-27,1995-03-29,1995-02-28,1995-03-30,1995-03-01,1995-03-31,,,,first_notice,XCME,XCME,,,1.0,3,1995
ZN_M95,ZN,10y Treasury Note,6.5 Year to 10 Year US Treasury Note,1.0,13:59,14:00,vwap,exch,12:00,12:01,Delivery,exch,12:01,USD,1000.0,0.015625,1994-09-20,1995-06-20,1994-09-20,1995-06-20,1995-05-30,1995-06-28,1995-05-31,1995-06-29,1995-06-01,1995-06-30,,,,first_notice,XCME,XCME,,,1.0,6,1995
ZN_U95,ZN,10y Treasury Note,6.5 Year to 10 Year US Treasury Note,1.0,13:59,14:00,vwap,exch,12:00,12:01,Delivery,exch,12:01,USD,1000.0,0.015625,1994-12-20,1995-09-20,1994-12-20,1995-09-20,1995-08-30,1995-09-28,1995-08-31,1995-09-29,1995-09-01,1995-10-02,,,,first_notice,XCME,XCME,,,1.0,9,1995
ZN_Z95,ZN,10y Treasury Note,6.5 Year to 10 Year US Treasury Note,1.0,13:59,14:00,vwap,exch,12:00,12:01,Delivery,exch,12:01,USD,1000.0,0.015625,1995-03-21,1995-12-19,1995-03-21,1995-12-19,1995-11-29,1995-12-28,1995-11-30,1995-12-29,1995-12-01,1996-01-02,,,,first_notice,XCME,XCME,,,1.0,12,1995
ZN_H96,ZN,10y Treasury Note,6.5 Year to 10 Year US Treasury Note,1.0,13:59,14:00,vwap,exch,12:00,12:01,Delivery,exch,12:01,USD,1000.0,0.015625,1995-06-20,1996-03-20,1995-06-20,1996-03-20,1996-02-28,1996-03-28,1996-02-29,1996-03-29,1996-03-01,1996-04-01,,,,first_notice,XCME,XCME,,,1.0,3,1996
ZN_M96,ZN,10y Treasury Note,6.5 Year to 10 Year US Treasury Note,1.0,13:59,14:00,vwap,exch,12:00,12:01,Delivery,exch,12:01,USD,1000.0,0.015625,1995-09-20,1996-06-19,1995-09-20,1996-06-19,1996-05-30,1996-06-27,1996-05-31,1996-06-28,1996-06-03,1996-07-01,,,,first_notice,XCME,XCME,,,1.0,6,1996
ZN_U96,ZN,10y Treasury Note,6.5 Year to 10 Year US Treasury Note,1.0,13:59,14:00,vwap,exch,12:00,12:01,Delivery,exch,12:01,USD,1000.0,0.015625,1995-12-19,1996-09-18,1995-12-19,1996-09-18,1996-08-29,1996-09-26,1996-08-30,1996-09-27,1996-09-02,1996-09-30,,,,first_notice,XCME,XCME,,,1.0,9,1996
ZN_Z96,ZN,10y Treasury Note,6.5 Year to 10 Year US Treasury Note,1.0,13:59,14:00,vwap,exch,12:00,12:01,Delivery,exch,12:01,USD,1000.0,0.015625,1996-03-20,1996-12-18,1996-03-20,1996-12-18,1996-11-28,1996-12-27,1996-11-29,1996-12-30,1996-12-02,1996-12-31,,,,first_notice,XCME,XCME,,,1.0,12,1996
ZN_H97,ZN,10y Treasury Note,6.5 Year to 10 Year US Treasury Note,1.0,13:59,14:00,vwap,exch,12:00,12:01,Delivery,exch,12:01,USD,1000.0,0.015625,1996-06-19,1997-03-18,1996-06-19,1997-03-18,1997-02-27,1997-03-26,1997-02-28,1997-03-27,1997-03-03,1997-03-31,,,,first_notice,XCME,XCME,,,1.0,3,1997
ZN_M97,ZN,10y Treasury Note,6.5 Year to 10 Year US Treasury Note,1.0,13:59,14:00,vwap,exch,12:00,12:01,Delivery,exch,12:01,USD,1000.0,0.015625,1996-09-18,1997-06-18,1996-09-18,1997-06-18,1997-05-29,1997-06-26,1997-05-30,1997-06-27,1997-06-02,1997-06-30,,,,first_notice,XCME,XCME,,,1.0,6,1997
ZN_U97,ZN,10y Treasury Note,6.5 Year to 10 Year US Treasury Note,1.0,13:59,14:00,vwap,exch,12:00,12:01,Delivery,exch,12:01,USD,1000.0,0.015625,1996-12-18,1997-09-18,1996-12-18,1997-09-18,1997-08-28,1997-09-26,1997-08-29,1997-09-29,1997-09-01,1997-09-30,,,,first_notice,XCME,XCME,,,1.0,9,1997
ZN_Z97,ZN,10y Treasury Note,6.5 Year to 10 Year US Treasury Note,1.0,13:59,14:00,vwap,exch,12:00,12:01,Delivery,exch,12:01,USD,1000.0,0.015625,1997-03-18,1997-12-18,1997-03-18,1997-12-18,1997-11-27,1997-12-29,1997-11-28,1997-12-30,1997-12-01,1997-12-31,,,,first_notice,XCME,XCME,,,1.0,12,1997
ZN_H98,ZN,10y Treasury Note,6.5 Year to 10 Year US Treasury Note,1.0,13:59,14:00,vwap,exch,12:00,12:01,Delivery,exch,12:01,USD,1000.0,0.015625,1997-06-18,1998-03-19,1997-06-18,1998-03-19,1998-02-26,1998-03-27,1998-02-27,1998-03-30,1998-03-02,1998-03-31,,,,first_notice,XCME,XCME,,,1.0,3,1998
ZN_M98,ZN,10y Treasury Note,6.5 Year to 10 Year US Treasury Note,1.0,13:59,14:00,vwap,exch,12:00,12:01,Delivery,exch,12:01,USD,1000.0,0.015625,1997-09-18,1998-06-18,1997-09-18,1998-06-18,1998-05-28,1998-06-26,1998-05-29,1998-06-29,1998-06-01,1998-06-30,,,,first_notice,XCME,XCME,,,1.0,6,1998
ZN_U98,ZN,10y Treasury Note,6.5 Year to 10 Year US Treasury Note,1.0,13:59,14:00,vwap,exch,12:00,12:01,Delivery,exch,12:01,USD,1000.0,0.015625,1997-12-18,1998-09-18,1997-12-18,1998-09-18,1998-08-28,1998-09-28,1998-08-31,1998-09-29,1998-09-01,1998-09-30,,,,first_notice,XCME,XCME,,,1.0,9,1998
ZN_Z98,ZN,10y Treasury Note,6.5 Year to 10 Year US Treasury Note,1.0,13:59,14:00,vwap,exch,12:00,12:01,Delivery,exch,12:01,USD,1000.0,0.015625,1998-03-19,1998-12-18,1998-03-19,1998-12-18,1998-11-27,1998-12-29,1998-11-30,1998-12-30,1998-12-01,1998-12-31,,,,first_notice,XCME,XCME,,,1.0,12,1998
ZN_H99,ZN,10y Treasury Note,6.5 Year to 10 Year US Treasury Note,1.0,13:59,14:00,vwap,exch,12:00,12:01,Delivery,exch,12:01,USD,1000.0,0.015625,1998-06-18,1999-03-19,1998-06-18,1999-03-19,1999-02-25,1999-03-29,1999-02-26,1999-03-30,1999-03-01,1999-03-31,,,,first_notice,XCME,XCME,,,1.0,3,1999
ZN_M99,ZN,10y Treasury Note,6.5 Year to 10 Year US Treasury Note,1.0,13:59,14:00,vwap,exch,12:00,12:01,Delivery,exch,12:01,USD,1000.0,0.015625,1998-09-18,1999-06-18,1998-09-18,1999-06-18,1999-05-28,1999-06-28,1999-05-31,1999-06-29,1999-06-01,1999-06-30,,,,first_notice,XCME,XCME,,,1.0,6,1999
ZN_U99,ZN,10y Treasury Note,6.5 Year to 10 Year US Treasury Note,1.0,13:59,14:00,vwap,exch,12:00,12:01,Delivery,exch,12:01,USD,1000.0,0.015625,1998-12-18,1999-09-20,1998-12-18,1999-09-20,1999-08-30,1999-09-28,1999-08-31,1999-09-29,1999-09-01,1999-09-30,,,,first_notice,XCME,XCME,,,1.0,9,1999
ZN_Z99,ZN,10y Treasury Note,6.5 Year to 10 Year US Treasury Note,1.0,13:59,14:00,vwap,exch,12:00,12:01,Delivery,exch,12:01,USD,1000.0,0.015625,1999-03-24,1999-12-20,1999-03-19,1999-12-20,1999-11-29,1999-12-29,1999-11-30,1999-12-30,1999-12-01,1999-12-31,,,,first_notice,XCME,XCME,,,1.0,12,1999
ZN_H00,ZN,10y Treasury Note,6.5 Year to 10 Year US Treasury Note,1.0,13:59,14:00,vwap,exch,12:00,12:01,Delivery,exch,12:01,USD,1000.0,0.015625,1999-06-18,2000-03-21,1999-06-18,2000-03-21,2000-02-28,2000-03-29,2000-02-29,2000-03-30,2000-03-01,2000-03-31,,,,first_notice,XCME,XCME,,,1.0,3,2000
ZN_M00,ZN,10y Treasury Note,6.5 Year to 10 Year US Treasury Note,1.0,13:59,14:00,vwap,exch,12:00,12:01,Delivery,exch,12:01,USD,1000.0,0.015625,1999-12-20,2000-06-20,1999-09-20,2000-06-20,2000-05-30,2000-06-28,2000-05-31,2000-06-29,2000-06-01,2000-06-30,,,,first_notice,XCME,XCME,,,1.0,6,2000
ZN_U00,ZN,10y Treasury Note,6.5 Year to 10 Year US Treasury Note,1.0,13:59,14:00,vwap,exch,12:00,12:01,Delivery,exch,12:01,USD,1000.0,0.015625,2000-03-03,2000-09-20,1999-12-20,2000-09-20,2000-08-30,2000-09-28,2000-08-31,2000-09-29,2000-09-01,2000-10-02,,,,first_notice,XCME,XCME,,,1.0,9,2000
ZN_Z00,ZN,10y Treasury Note,6.5 Year to 10 Year US Treasury Note,1.0,13:59,14:00,vwap,exch,12:00,12:01,Delivery,exch,12:01,USD,1000.0,0.015625,2000-05-30,2000-12-19,2000-03-21,2000-12-19,2000-11-29,2000-12-28,2000-11-30,2000-12-29,2000-12-01,2001-01-02,,,,first_notice,XCME,XCME,,,1.0,12,2000
ZN_H01,ZN,10y Treasury Note,6.5 Year to 10 Year US Treasury Note,1.0,13:59,14:00,vwap,exch,12:00,12:01,Delivery,exch,12:01,USD,1000.0,0.015625,2000-06-20,2001-03-21,2000-06-20,2001-03-21,2001-02-27,2001-03-29,2001-02-28,2001-03-30,2001-03-01,2001-04-02,,,,first_notice,XCME,XCME,,,1.0,3,2001
ZN_M01,ZN,10y Treasury Note,6.5 Year to 10 Year US Treasury Note,1.0,13:59,14:00,vwap,exch,12:00,12:01,Delivery,exch,12:01,USD,1000.0,0.015625,2000-09-20,2001-06-20,2000-09-20,2001-06-20,2001-05-30,2001-06-28,2001-05-31,2001-06-29,2001-06-01,2001-07-02,,,,first_notice,XCME,XCME,,,1.0,6,2001
ZN_U01,ZN,10y Treasury Note,6.5 Year to 10 Year US Treasury Note,1.0,13:59,14:00,vwap,exch,12:00,12:01,Delivery,exch,12:01,USD,1000.0,0.015625,2001-01-19,2001-09-19,2000-12-19,2001-09-19,2001-08-30,2001-09-27,2001-08-31,2001-09-28,2001-09-03,2001-10-01,,,,first_notice,XCME,XCME,,,1.0,9,2001
ZN_Z01,ZN,10y Treasury Note,6.5 Year to 10 Year US Treasury Note,1.0,13:59,14:00,vwap,exch,12:00,12:01,Delivery,exch,12:01,USD,1000.0,0.015625,2001-04-05,2001-12-18,2001-03-21,2001-12-18,2001-11-29,2001-12-27,2001-11-30,2001-12-28,2001-12-03,2001-12-31,,,,first_notice,XCME,XCME,,,1.0,12,2001
ZN_H02,ZN,10y Treasury Note,6.5 Year to 10 Year US Treasury Note,1.0,13:59,14:00,vwap,exch,12:00,12:01,Delivery,exch,12:01,USD,1000.0,0.015625,2001-07-03,2002-03-19,2001-06-20,2002-03-19,2002-02-27,2002-03-27,2002-02-28,2002-03-28,2002-03-01,2002-04-01,,,,first_notice,XCME,XCME,,,1.0,3,2002
ZN_M02,ZN,10y Treasury Note,6.5 Year to 10 Year US Treasury Note,1.0,13:59,14:00,vwap,exch,12:00,12:01,Delivery,exch,12:01,USD,1000.0,0.015625,2001-09-19,2002-06-19,2001-09-19,2002-06-19,2002-05-30,2002-06-27,2002-05-31,2002-06-28,2002-06-03,2002-07-01,,,,first_notice,XCME,XCME,,,1.0,6,2002
ZN_U02,ZN,10y Treasury Note,6.5 Year to 10 Year US Treasury Note,1.0,13:59,14:00,vwap,exch,12:00,12:01,Delivery,exch,12:01,USD,1000.0,0.015625,2001-12-18,2002-09-18,2001-12-18,2002-09-18,2002-08-29,2002-09-26,2002-08-30,2002-09-27,2002-09-02,2002-09-30,,,,first_notice,XCME,XCME,,,1.0,9,2002
ZN_Z02,ZN,10y Treasury Note,6.5 Year to 10 Year US Treasury Note,1.0,13:59,14:00,vwap,exch,12:00,12:01,Delivery,exch,12:01,USD,1000.0,0.015625,2002-06-20,2002-12-18,2002-03-19,2002-12-18,2002-11-28,2002-12-27,2002-11-29,2002-12-30,2002-12-02,2002-12-31,,,,first_notice,XCME,XCME,,,1.0,12,2002
ZN_H03,ZN,10y Treasury Note,6.5 Year to 10 Year US Treasury Note,1.0,13:59,14:00,vwap,exch,12:00,12:01,Delivery,exch,12:01,USD,1000.0,0.015625,2002-07-10,2003-03-19,2002-06-19,2003-03-19,2003-02-27,2003-03-27,2003-02-28,2003-03-28,2003-03-03,2003-03-31,,,,first_notice,XCME,XCME,,,1.0,3,2003
ZN_M03,ZN,10y Treasury Note,6.5 Year to 10 Year US Treasury Note,1.0,13:59,14:00,vwap,exch,12:00,12:01,Delivery,exch,12:01,USD,1000.0,0.015625,2002-09-18,2003-06-18,2002-09-18,2003-06-18,2003-05-29,2003-06-26,2003-05-30,2003-06-27,2003-06-02,2003-06-30,,,,first_notice,XCME,XCME,,,1.0,6,2003
ZN_U03,ZN,10y Treasury Note,6.5 Year to 10 Year US Treasury Note,1.0,13:59,14:00,vwap,exch,12:00,12:01,Delivery,exch,12:01,USD,1000.0,0.015625,2003-01-16,2003-09-18,2002-12-18,2003-09-18,2003-08-28,2003-09-26,2003-08-29,2003-09-29,2003-09-01,2003-09-30,,,,first_notice,XCME,XCME,,,1.0,9,2003
ZN_Z03,ZN,10y Treasury Note,6.5 Year to 10 Year US Treasury Note,1.0,13:59,14:00,vwap,exch,12:00,12:01,Delivery,exch,12:01,USD,1000.0,0.015625,2003-03-19,2003-12-18,2003-03-19,2003-12-18,2003-11-27,2003-12-29,2003-11-28,2003-12-30,2003-12-01,2003-12-31,,,,first_notice,XCME,XCME,,,1.0,12,2003
ZN_H04,ZN,10y Treasury Note,6.5 Year to 10 Year US Treasury Note,1.0,13:59,14:00,vwap,exch,12:00,12:01,Delivery,exch,12:01,USD,1000.0,0.015625,2003-06-24,2004-03-19,2003-06-18,2004-03-19,2004-02-26,2004-03-29,2004-02-27,2004-03-30,2004-03-01,2004-03-31,,,,first_notice,XCME,XCME,,,1.0,3,2004
ZN_M04,ZN,10y Treasury Note,6.5 Year to 10 Year US Treasury Note,1.0,13:59,14:00,vwap,exch,12:00,12:01,Delivery,exch,12:01,USD,1000.0,0.015625,2003-11-24,2004-06-18,2003-09-18,2004-06-18,2004-05-28,2004-06-28,2004-05-31,2004-06-29,2004-06-01,2004-06-30,,,,first_notice,XCME,XCME,,,1.0,6,2004
ZN_U04,ZN,10y Treasury Note,6.5 Year to 10 Year US Treasury Note,1.0,13:59,14:00,vwap,exch,12:00,12:01,Delivery,exch,12:01,USD,1000.0,0.015625,2003-12-23,2004-09-20,2003-12-18,2004-09-20,2004-08-30,2004-09-28,2004-08-31,2004-09-29,2004-09-01,2004-09-30,,,,first_notice,XCME,XCME,,,1.0,9,2004
ZN_Z04,ZN,10y Treasury Note,6.5 Year to 10 Year US Treasury Note,1.0,13:59,14:00,vwap,exch,12:00,12:01,Delivery,exch,12:01,USD,1000.0,0.015625,2004-03-19,2004-12-20,2004-03-19,2004-12-20,2004-11-29,2004-12-29,2004-11-30,2004-12-30,2004-12-01,2004-12-31,,,,first_notice,XCME,XCME,,,1.0,12,2004
ZN_H05,ZN,10y Treasury Note,6.5 Year to 10 Year US Treasury Note,1.0,13:59,14:00,vwap,exch,12:00,12:01,Delivery,exch,12:01,USD,1000.0,0.015625,2004-06-18,2005-03-18,2004-06-18,2005-03-18,2005-02-25,2005-03-29,2005-02-28,2005-03-30,2005-03-01,2005-03-31,,,,first_notice,XCME,XCME,,,1.0,3,2005
ZN_M05,ZN,10y Treasury Note,6.5 Year to 10 Year US Treasury Note,1.0,13:59,14:00,vwap,exch,12:00,12:01,Delivery,exch,12:01,USD,1000.0,0.015625,2004-09-20,2005-06-20,2004-09-20,2005-06-20,2005-05-30,2005-06-28,2005-05-31,2005-06-29,2005-06-01,2005-06-30,,,,first_notice,XCME,XCME,,,1.0,6,2005
ZN_U05,ZN,10y Treasury Note,6.5 Year to 10 Year US Treasury Note,1.0,13:59,14:00,vwap,exch,12:00,12:01,Delivery,exch,12:01,USD,1000.0,0.015625,2004-12-20,2005-09-20,2004-12-20,2005-09-20,2005-08-30,2005-09-28,2005-08-31,2005-09-29,2005-09-01,2005-09-30,,,,first_notice,XCME,XCME,,,1.0,9,2005
ZN_Z05,ZN,10y Treasury Note,6.5 Year to 10 Year US Treasury Note,1.0,13:59,14:00,vwap,exch,12:00,12:01,Delivery,exch,12:01,USD,1000.0,0.015625,2005-03-18,2005-12-20,2005-03-18,2005-12-20,2005-11-29,2005-12-29,2005-11-30,2005-12-30,2005-12-01,2006-01-03,,,,first_notice,XCME,XCME,,,1.0,12,2005
ZN_H06,ZN,10y Treasury Note,6.5 Year to 10 Year US Treasury Note,1.0,13:59,14:00,vwap,exch,12:00,12:01,Delivery,exch,12:01,USD,1000.0,0.015625,2005-06-20,2006-03-21,2005-06-20,2006-03-21,2006-02-27,2006-03-29,2006-02-28,2006-03-30,2006-03-01,2006-03-31,,,,first_notice,XCME,XCME,,,1.0,3,2006
ZN_M06,ZN,10y Treasury Note,6.5 Year to 10 Year US Treasury Note,1.0,13:59,14:00,vwap,exch,12:00,12:01,Delivery,exch,12:01,USD,1000.0,0.015625,2005-09-20,2006-06-20,2005-09-20,2006-06-20,2006-05-30,2006-06-28,2006-05-31,2006-06-29,2006-06-01,2006-06-30,,,,first_notice,XCME,XCME,,,1.0,6,2006
ZN_U06,ZN,10y Treasury Note,6.5 Year to 10 Year US Treasury Note,1.0,13:59,14:00,vwap,exch,12:00,12:01,Delivery,exch,12:01,USD,1000.0,0.015625,2005-12-20,2006-09-20,2005-12-20,2006-09-20,2006-08-30,2006-09-28,2006-08-31,2006-09-29,2006-09-01,2006-10-02,,,,first_notice,XCME,XCME,,,1.0,9,2006
ZN_Z06,ZN,10y Treasury Note,6.5 Year to 10 Year US Treasury Note,1.0,13:59,14:00,vwap,exch,12:00,12:01,Delivery,exch,12:01,USD,1000.0,0.015625,2006-03-21,2006-12-19,2006-03-21,2006-12-19,2006-11-29,2006-12-28,2006-11-30,2006-12-29,2006-12-01,2007-01-02,,,,first_notice,XCME,XCME,,,1.0,12,2006
ZN_H07,ZN,10y Treasury Note,6.5 Year to 10 Year US Treasury Note,1.0,13:59,14:00,vwap,exch,12:00,12:01,Delivery,exch,12:01,USD,1000.0,0.015625,2006-06-20,2007-03-21,2006-06-20,2007-03-21,2007-02-27,2007-03-29,2007-02-28,2007-03-30,2007-03-01,2007-04-02,,,,first_notice,XCME,XCME,,,1.0,3,2007
ZN_M07,ZN,10y Treasury Note,6.5 Year to 10 Year US Treasury Note,1.0,13:59,14:00,vwap,exch,12:00,12:01,Delivery,exch,12:01,USD,1000.0,0.015625,2006-09-20,2007-06-20,2006-09-20,2007-06-20,2007-05-30,2007-06-28,2007-05-31,2007-06-29,2007-06-01,2007-07-02,,,,first_notice,XCME,XCME,,,1.0,6,2007
ZN_U07,ZN,10y Treasury Note,6.5 Year to 10 Year US Treasury Note,1.0,13:59,14:00,vwap,exch,12:00,12:01,Delivery,exch,12:01,USD,1000.0,0.015625,2006-12-19,2007-09-19,2006-12-19,2007-09-19,2007-08-30,2007-09-27,2007-08-31,2007-09-28,2007-09-03,2007-10-01,,,,first_notice,XCME,XCME,,,1.0,9,2007
ZN_Z07,ZN,10y Treasury Note,6.5 Year to 10 Year US Treasury Note,1.0,13:59,14:00,vwap,exch,12:00,12:01,Delivery,exch,12:01,USD,1000.0,0.015625,2007-03-21,2007-12-18,2007-03-21,2007-12-18,2007-11-29,2007-12-27,2007-11-30,2007-12-28,2007-12-03,2007-12-31,,,,first_notice,XCME,XCME,,,1.0,12,2007
ZN_H08,ZN,10y Treasury Note,6.5 Year to 10 Year US Treasury Note,1.0,13:59,14:00,vwap,exch,12:00,12:01,Delivery,exch,12:01,USD,1000.0,0.015625,2007-06-20,2008-03-18,2007-06-20,2008-03-18,2008-02-28,2008-03-27,2008-02-29,2008-03-28,2008-03-03,2008-03-31,,,,first_notice,XCME,XCME,,,1.0,3,2008
ZN_M08,ZN,10y Treasury Note,6.5 Year to 10 Year US Treasury Note,1.0,13:59,14:00,vwap,exch,12:00,12:01,Delivery,exch,12:01,USD,1000.0,0.015625,2007-09-19,2008-06-18,2007-09-19,2008-06-18,2008-05-29,2008-06-26,2008-05-30,2008-06-27,2008-06-02,2008-06-30,,,,first_notice,XCME,XCME,,,1.0,6,2008
ZN_U08,ZN,10y Treasury Note,6.5 Year to 10 Year US Treasury Note,1.0,13:59,14:00,vwap,exch,12:00,12:01,Delivery,exch,12:01,USD,1000.0,0.015625,2007-12-18,2008-09-18,2007-12-18,2008-09-18,2008-08-28,2008-09-26,2008-08-29,2008-09-29,2008-09-01,2008-09-30,,,,first_notice,XCME,XCME,,,1.0,9,2008
ZN_Z08,ZN,10y Treasury Note,6.5 Year to 10 Year US Treasury Note,1.0,13:59,14:00,vwap,exch,12:00,12:01,Delivery,exch,12:01,USD,1000.0,0.015625,2008-03-18,2008-12-18,2008-03-18,2008-12-18,2008-11-27,2008-12-29,2008-11-28,2008-12-30,2008-12-01,2008-12-31,,,,first_notice,XCME,XCME,,,1.0,12,2008
ZN_H09,ZN,10y Treasury Note,6.5 Year to 10 Year US Treasury Note,1.0,13:59,14:00,vwap,exch,12:00,12:01,Delivery,exch,12:01,USD,1000.0,0.015625,2008-06-18,2009-03-19,2008-06-18,2009-03-19,2009-02-26,2009-03-27,2009-02-27,2009-03-30,2009-03-02,2009-03-31,,,,first_notice,XCME,XCME,,,1.0,3,2009
ZN_M09,ZN,10y Treasury Note,6.5 Year to 10 Year US Treasury Note,1.0,13:59,14:00,vwap,exch,12:00,12:01,Delivery,exch,12:01,USD,1000.0,0.015625,2008-09-18,2009-06-18,2008-09-18,2009-06-18,2009-05-28,2009-06-26,2009-05-29,2009-06-29,2009-06-01,2009-06-30,,,,first_notice,XCME,XCME,,,1.0,6,2009
ZN_U09,ZN,10y Treasury Note,6.5 Year to 10 Year US Treasury Note,1.0,13:59,14:00,vwap,exch,12:00,12:01,Delivery,exch,12:01,USD,1000.0,0.015625,2008-12-18,2009-09-18,2008-12-18,2009-09-18,2009-08-28,2009-09-28,2009-08-31,2009-09-29,2009-09-01,2009-09-30,,,,first_notice,XCME,XCME,,,1.0,9,2009
ZN_Z09,ZN,10y Treasury Note,6.5 Year to 10 Year US Treasury Note,1.0,13:59,14:00,vwap,exch,12:00,12:01,Delivery,exch,12:01,USD,1000.0,0.015625,2009-03-19,2009-12-18,2009-03-19,2009-12-18,2009-11-27,2009-12-29,2009-11-30,2009-12-30,2009-12-01,2009-12-31,,,,first_notice,XCME,XCME,,,1.0,12,2009
ZN_H10,ZN,10y Treasury Note,6.5 Year to 10 Year US Treasury Note,1.0,13:59,14:00,vwap,exch,12:00,12:01,Delivery,exch,12:01,USD,1000.0,0.015625,2009-06-18,2010-03-19,2009-06-18,2010-03-19,2010-02-25,2010-03-29,2010-02-26,2010-03-30,2010-03-01,2010-03-31,,,,first_notice,XCME,XCME,,,1.0,3,2010
ZN_M10,ZN,10y Treasury Note,6.5 Year to 10 Year US Treasury Note,1.0,13:59,14:00,vwap,exch,12:00,12:01,Delivery,exch,12:01,USD,1000.0,0.015625,2009-09-18,2010-06-18,2009-09-18,2010-06-18,2010-05-28,2010-06-28,2010-05-31,2010-06-29,2010-06-01,2010-06-30,,,,first_notice,XCME,XCME,,,1.0,6,2010
ZN_U10,ZN,10y Treasury Note,6.5 Year to 10 Year US Treasury Note,1.0,13:59,14:00,vwap,exch,12:00,12:01,Delivery,exch,12:01,USD,1000.0,0.015625,2009-12-18,2010-09-20,2009-12-18,2010-09-20,2010-08-30,2010-09-28,2010-08-31,2010-09-29,2010-09-01,2010-09-30,,,,first_notice,XCME,XCME,,,1.0,9,2010
ZN_Z10,ZN,10y Treasury Note,6.5 Year to 10 Year US Treasury Note,1.0,13:59,14:00,vwap,exch,12:00,12:01,Delivery,exch,12:01,USD,1000.0,0.015625,2010-03-19,2010-12-20,2010-03-19,2010-12-20,2010-11-29,2010-12-29,2010-11-30,2010-12-30,2010-12-01,2010-12-31,,,,first_notice,XCME,XCME,,,1.0,12,2010
ZN_H11,ZN,10y Treasury Note,6.5 Year to 10 Year US Treasury Note,1.0,13:59,14:00,vwap,exch,12:00,12:01,Delivery,exch,12:01,USD,1000.0,0.015625,2010-06-18,2011-03-21,2010-06-18,2011-03-21,2011-02-25,2011-03-29,2011-02-28,2011-03-30,2011-03-01,2011-03-31,,,,first_notice,XCME,XCME,,,1.0,3,2011
ZN_M11,ZN,10y Treasury Note,6.5 Year to 10 Year US Treasury Note,1.0,13:59,14:00,vwap,exch,12:00,12:01,Delivery,exch,12:01,USD,1000.0,0.015625,2010-09-20,2011-06-20,2010-09-20,2011-06-20,2011-05-30,2011-06-28,2011-05-31,2011-06-29,2011-06-01,2011-06-30,,,,first_notice,XCME,XCME,,,1.0,6,2011
ZN_U11,ZN,10y Treasury Note,6.5 Year to 10 Year US Treasury Note,1.0,13:59,14:00,vwap,exch,12:00,12:01,Delivery,exch,12:01,USD,1000.0,0.015625,2010-12-20,2011-09-20,2010-12-20,2011-09-20,2011-08-30,2011-09-28,2011-08-31,2011-09-29,2011-09-01,2011-09-30,,,,first_notice,XCME,XCME,,,1.0,9,2011
ZN_Z11,ZN,10y Treasury Note,6.5 Year to 10 Year US Treasury Note,1.0,13:59,14:00,vwap,exch,12:00,12:01,Delivery,exch,12:01,USD,1000.0,0.015625,2011-03-21,2011-12-20,2011-03-21,2011-12-20,2011-11-29,2011-12-29,2011-11-30,2011-12-30,2011-12-01,2012-01-03,,,,first_notice,XCME,XCME,,,1.0,12,2011
ZN_H12,ZN,10y Treasury Note,6.5 Year to 10 Year US Treasury Note,1.0,13:59,14:00,vwap,exch,12:00,12:01,Delivery,exch,12:01,USD,1000.0,0.015625,2011-06-20,2012-03-21,2011-06-20,2012-03-21,2012-02-28,2012-03-29,2012-02-29,2012-03-30,2012-03-01,2012-04-02,,,,first_notice,XCME,XCME,,,1.0,3,2012
ZN_M12,ZN,10y Treasury Note,6.5 Year to 10 Year US Treasury Note,1.0,13:59,14:00,vwap,exch,12:00,12:01,Delivery,exch,12:01,USD,1000.0,0.015625,2011-09-20,2012-06-20,2011-09-20,2012-06-20,2012-05-30,2012-06-28,2012-05-31,2012-06-29,2012-06-01,2012-07-02,,,,first_notice,XCME,XCME,,,1.0,6,2012
ZN_U12,ZN,10y Treasury Note,6.5 Year to 10 Year US Treasury Note,1.0,13:59,14:00,vwap,exch,12:00,12:01,Delivery,exch,12:01,USD,1000.0,0.015625,2011-12-20,2012-09-19,2011-12-20,2012-09-19,2012-08-30,2012-09-27,2012-08-31,2012-09-28,2012-09-03,2012-10-01,,,,first_notice,XCME,XCME,,,1.0,9,2012
ZN_Z12,ZN,10y Treasury Note,6.5 Year to 10 Year US Treasury Note,1.0,13:59,14:00,vwap,exch,12:00,12:01,Delivery,exch,12:01,USD,1000.0,0.015625,2012-03-21,2012-12-18,2012-03-21,2012-12-18,2012-11-29,2012-12-27,2012-11-30,2012-12-28,2012-12-03,2012-12-31,,,,first_notice,XCME,XCME,,,1.0,12,2012
ZN_H13,ZN,10y Treasury Note,6.5 Year to 10 Year US Treasury Note,1.0,13:59,14:00,vwap,exch,12:00,12:01,Delivery,exch,12:01,USD,1000.0,0.015625,2012-06-20,2013-03-19,2012-06-20,2013-03-19,2013-02-27,2013-03-27,2013-02-28,2013-03-28,2013-03-01,2013-04-01,,,,first_notice,XCME,XCME,,,1.0,3,2013
ZN_M13,ZN,10y Treasury Note,6.5 Year to 10 Year US Treasury Note,1.0,13:59,14:00,vwap,exch,12:00,12:01,Delivery,exch,12:01,USD,1000.0,0.015625,2012-09-19,2013-06-19,2012-09-19,2013-06-19,2013-05-30,2013-06-27,2013-05-31,2013-06-28,2013-06-03,2013-07-01,,,,first_notice,XCME,XCME,,,1.0,6,2013
ZN_U13,ZN,10y Treasury Note,6.5 Year to 10 Year US Treasury Note,1.0,13:59,14:00,vwap,exch,12:00,12:01,Delivery,exch,12:01,USD,1000.0,0.015625,2012-12-18,2013-09-18,2012-12-18,2013-09-18,2013-08-29,2013-09-26,2013-08-30,2013-09-27,2013-09-02,2013-09-30,,,,first_notice,XCME,XCME,,,1.0,9,2013
ZN_Z13,ZN,10y Treasury Note,6.5 Year to 10 Year US Treasury Note,1.0,13:59,14:00,vwap,exch,12:00,12:01,Delivery,exch,12:01,USD,1000.0,0.015625,2013-03-19,2013-12-18,2013-03-19,2013-12-18,2013-11-28,2013-12-27,2013-11-29,2013-12-30,2013-12-02,2013-12-31,,,,first_notice,XCME,XCME,,,1.0,12,2013
ZN_H14,ZN,10y Treasury Note,6.5 Year to 10 Year US Treasury Note,1.0,13:59,14:00,vwap,exch,12:00,12:01,Delivery,exch,12:01,USD,1000.0,0.015625,2013-06-19,2014-03-19,2013-06-19,2014-03-19,2014-02-27,2014-03-27,2014-02-28,2014-03-28,2014-03-03,2014-03-31,,,,first_notice,XCME,XCME,,,1.0,3,2014
ZN_M14,ZN,10y Treasury Note,6.5 Year to 10 Year US Treasury Note,1.0,13:59,14:00,vwap,exch,12:00,12:01,Delivery,exch,12:01,USD,1000.0,0.015625,2013-09-18,2014-06-18,2013-09-18,2014-06-18,2014-05-29,2014-06-26,2014-05-30,2014-06-27,2014-06-02,2014-06-30,,,,first_notice,XCME,XCME,,,1.0,6,2014
ZN_U14,ZN,10y Treasury Note,6.5 Year to 10 Year US Treasury Note,1.0,13:59,14:00,vwap,exch,12:00,12:01,Delivery,exch,12:01,USD,1000.0,0.015625,2013-12-18,2014-09-18,2013-12-18,2014-09-18,2014-08-28,2014-09-26,2014-08-29,2014-09-29,2014-09-01,2014-09-30,,,,first_notice,XCME,XCME,,,1.0,9,2014
ZN_Z14,ZN,10y Treasury Note,6.5 Year to 10 Year US Treasury Note,1.0,13:59,14:00,vwap,exch,12:00,12:01,Delivery,exch,12:01,USD,1000.0,0.015625,2014-03-19,2014-12-18,2014-03-19,2014-12-18,2014-11-27,2014-12-29,2014-11-28,2014-12-30,2014-12-01,2014-12-31,,,,first_notice,XCME,XCME,,,1.0,12,2014
ZN_H15,ZN,10y Treasury Note,6.5 Year to 10 Year US Treasury Note,1.0,13:59,14:00,vwap,exch,12:00,12:01,Delivery,exch,12:01,USD,1000.0,0.015625,2014-06-18,2015-03-19,2014-06-18,2015-03-19,2015-02-26,2015-03-27,2015-02-27,2015-03-30,2015-03-02,2015-03-31,,,,first_notice,XCME,XCME,,,1.0,3,2015
ZN_M15,ZN,10y Treasury Note,6.5 Year to 10 Year US Treasury Note,1.0,13:59,14:00,vwap,exch,12:00,12:01,Delivery,exch,12:01,USD,1000.0,0.015625,2014-09-18,2015-06-18,2014-09-18,2015-06-18,2015-05-28,2015-06-26,2015-05-29,2015-06-29,2015-06-01,2015-06-30,,,,first_notice,XCME,XCME,,,1.0,6,2015
ZN_U15,ZN,10y Treasury Note,6.5 Year to 10 Year US Treasury Note,1.0,13:59,14:00,vwap,exch,12:00,12:01,Delivery,exch,12:01,USD,1000.0,0.015625,2014-12-18,2015-09-18,2014-12-18,2015-09-18,2015-08-28,2015-09-28,2015-08-31,2015-09-29,2015-09-01,2015-09-30,,,,first_notice,XCME,XCME,,,1.0,9,2015
ZN_Z15,ZN,10y Treasury Note,6.5 Year to 10 Year US Treasury Note,1.0,13:59,14:00,vwap,exch,12:00,12:01,Delivery,exch,12:01,USD,1000.0,0.015625,2015-03-19,2015-12-18,2015-03-19,2015-12-18,2015-11-27,2015-12-29,2015-11-30,2015-12-30,2015-12-01,2015-12-31,,,,first_notice,XCME,XCME,,,1.0,12,2015
ZN_H16,ZN,10y Treasury Note,6.5 Year to 10 Year US Treasury Note,1.0,13:59,14:00,vwap,exch,12:00,12:01,Delivery,exch,12:01,USD,1000.0,0.015625,2015-06-18,2016-03-18,2015-06-18,2016-03-18,2016-02-26,2016-03-29,2016-02-29,2016-03-30,2016-03-01,2016-03-31,,,,first_notice,XCME,XCME,,,1.0,3,2016
ZN_M16,ZN,10y Treasury Note,6.5 Year to 10 Year US Treasury Note,1.0,13:59,14:00,vwap,exch,12:00,12:01,Delivery,exch,12:01,USD,1000.0,0.015625,2015-09-18,2016-06-20,2015-09-18,2016-06-20,2016-05-30,2016-06-28,2016-05-31,2016-06-29,2016-06-01,2016-06-30,,,,first_notice,XCME,XCME,,,1.0,6,2016
ZN_U16,ZN,10y Treasury Note,6.5 Year to 10 Year US Treasury Note,1.0,13:59,14:00,vwap,exch,12:00,12:01,Delivery,exch,12:01,USD,1000.0,0.015625,2015-12-18,2016-09-20,2015-12-18,2016-09-20,2016-08-30,2016-09-28,2016-08-31,2016-09-29,2016-09-01,2016-09-30,,,,first_notice,XCME,XCME,,,1.0,9,2016
ZN_Z16,ZN,10y Treasury Note,6.5 Year to 10 Year US Treasury Note,1.0,13:59,14:00,vwap,exch,12:00,12:01,Delivery,exch,12:01,USD,1000.0,0.015625,2016-03-21,2016-12-20,2016-03-18,2016-12-20,2016-11-29,2016-12-29,2016-11-30,2016-12-30,2016-12-01,2017-01-03,,,,first_notice,XCME,XCME,,,1.0,12,2016
ZN_H17,ZN,10y Treasury Note,6.5 Year to 10 Year US Treasury Note,1.0,13:59,14:00,vwap,exch,12:00,12:01,Delivery,exch,12:01,USD,1000.0,0.015625,2016-06-21,2017-03-21,2016-06-20,2017-03-21,2017-02-27,2017-03-29,2017-02-28,2017-03-30,2017-03-01,2017-03-31,,,,first_notice,XCME,XCME,,,1.0,3,2017
ZN_M17,ZN,10y Treasury Note,6.5 Year to 10 Year US Treasury Note,1.0,13:59,14:00,vwap,exch,12:00,12:01,Delivery,exch,12:01,USD,1000.0,0.015625,2016-09-21,2017-06-20,2016-09-20,2017-06-20,2017-05-30,2017-06-28,2017-05-31,2017-06-29,2017-06-01,2017-06-30,,,,first_notice,XCME,XCME,,,1.0,6,2017
ZN_U17,ZN,10y Treasury Note,6.5 Year to 10 Year US Treasury Note,1.0,13:59,14:00,vwap,exch,12:00,12:01,Delivery,exch,12:01,USD,1000.0,0.015625,2016-12-20,2017-09-20,2016-12-20,2017-09-20,2017-08-30,2017-09-28,2017-08-31,2017-09-29,2017-09-01,2017-10-02,,,,first_notice,XCME,XCME,,,1.0,9,2017
ZN_Z17,ZN,10y Treasury Note,6.5 Year to 10 Year US Treasury Note,1.0,13:59,14:00,vwap,exch,12:00,12:01,Delivery,exch,12:01,USD,1000.0,0.015625,2017-03-22,2017-12-19,2017-03-21,2017-12-19,2017-11-29,2017-12-28,2017-11-30,2017-12-29,2017-12-01,2018-01-02,,,,first_notice,XCME,XCME,,,1.0,12,2017
ZN_H18,ZN,10y Treasury Note,6.5 Year to 10 Year US Treasury Note,1.0,13:59,14:00,vwap,exch,12:00,12:01,Delivery,exch,12:01,USD,1000.0,0.015625,2017-06-21,2018-03-20,2017-06-20,2018-03-20,2018-02-27,2018-03-28,2018-02-28,2018-03-29,2018-03-01,2018-04-02,,,,first_notice,XCME,XCME,,,1.0,3,2018
ZN_M18,ZN,10y Treasury Note,6.5 Year to 10 Year US Treasury Note,1.0,13:59,14:00,vwap,exch,12:00,12:01,Delivery,exch,12:01,USD,1000.0,0.015625,2017-09-20,2018-06-20,2017-09-20,2018-06-20,2018-05-30,2018-06-28,2018-05-31,2018-06-29,2018-06-01,2018-07-02,,,,first_notice,XCME,XCME,,,1.0,6,2018
ZN_U18,ZN,10y Treasury Note,6.5 Year to 10 Year US Treasury Note,1.0,13:59,14:00,vwap,exch,12:00,12:01,Delivery,exch,12:01,USD,1000.0,0.015625,2017-12-19,2018-09-19,2017-12-19,2018-09-19,2018-08-30,2018-09-27,2018-08-31,2018-09-28,2018-09-03,2018-10-01,,,,first_notice,XCME,XCME,,,1.0,9,2018
ZB_H90,ZB,30y Treasury Bond,15 Year to 25 Year US Treasury Bonds,1.0,13:59,14:00,vwap,exch,12:00,12:01,Delivery,exch,12:01,USD,1000.0,0.03125,1989-06-20,1990-03-21,1989-06-20,1990-03-21,1990-03-29,1990-03-29,1990-03-30,1990-03-30,1990-04-02,1990-04-02,,,,first_notice,XCME,XCME,,,1.0,3,1990
ZB_M90,ZB,30y Treasury Bond,15 Year to 25 Year US Treasury Bonds,1.0,13:59,14:00,vwap,exch,12:00,12:01,Delivery,exch,12:01,USD,1000.0,0.03125,1989-09-20,1990-06-20,1989-09-20,1990-06-20,1990-06-28,1990-06-28,1990-06-29,1990-06-29,1990-07-02,1990-07-02,,,,first_notice,XCME,XCME,,,1.0,6,1990
ZB_U90,ZB,30y Treasury Bond,15 Year to 25 Year US Treasury Bonds,1.0,13:59,14:00,vwap,exch,12:00,12:01,Delivery,exch,12:01,USD,1000.0,0.03125,1989-12-19,1990-09-19,1989-12-19,1990-09-19,1990-09-27,1990-09-27,1990-09-28,1990-09-28,1990-10-01,1990-10-01,,,,first_notice,XCME,XCME,,,1.0,9,1990
ZB_Z90,ZB,30y Treasury Bond,15 Year to 25 Year US Treasury Bonds,1.0,13:59,14:00,vwap,exch,12:00,12:01,Delivery,exch,12:01,USD,1000.0,0.03125,1990-03-21,1990-12-18,1990-03-21,1990-12-18,1990-12-28,1990-12-27,1990-12-31,1990-12-28,1991-01-02,1990-12-31,,,,first_notice,XCME,XCME,,,1.0,12,1990
ZB_H91,ZB,30y Treasury Bond,15 Year to 25 Year US Treasury Bonds,1.0,13:59,14:00,vwap,exch,12:00,12:01,Delivery,exch,12:01,USD,1000.0,0.03125,1990-06-20,1991-03-19,1990-06-20,1991-03-19,1991-03-27,1991-03-27,1991-03-28,1991-03-28,1991-04-01,1991-04-01,,,,first_notice,XCME,XCME,,,1.0,3,1991
ZB_M91,ZB,30y Treasury Bond,15 Year to 25 Year US Treasury Bonds,1.0,13:59,14:00,vwap,exch,12:00,12:01,Delivery,exch,12:01,USD,1000.0,0.03125,1990-09-19,1991-06-19,1990-09-19,1991-06-19,1991-06-27,1991-06-27,1991-06-28,1991-06-28,1991-07-01,1991-07-01,,,,first_notice,XCME,XCME,,,1.0,6,1991
ZB_U91,ZB,30y Treasury Bond,15 Year to 25 Year US Treasury Bonds,1.0,13:59,14:00,vwap,exch,12:00,12:01,Delivery,exch,12:01,USD,1000.0,0.03125,1990-12-18,1991-09-18,1990-12-18,1991-09-18,1991-09-27,1991-09-26,1991-09-30,1991-09-27,1991-10-01,1991-09-30,,,,first_notice,XCME,XCME,,,1.0,9,1991
ZB_Z91,ZB,30y Treasury Bond,15 Year to 25 Year US Treasury Bonds,1.0,13:59,14:00,vwap,exch,12:00,12:01,Delivery,exch,12:01,USD,1000.0,0.03125,1991-03-19,1991-12-18,1991-03-19,1991-12-18,1991-12-30,1991-12-27,1991-12-31,1991-12-30,1992-01-02,1991-12-31,,,,first_notice,XCME,XCME,,,1.0,12,1991
ZB_H92,ZB,30y Treasury Bond,15 Year to 25 Year US Treasury Bonds,1.0,13:59,14:00,vwap,exch,12:00,12:01,Delivery,exch,12:01,USD,1000.0,0.03125,1991-06-19,1992-03-19,1991-06-19,1992-03-19,1992-03-30,1992-03-27,1992-03-31,1992-03-30,1992-04-01,1992-03-31,,,,first_notice,XCME,XCME,,,1.0,3,1992
ZB_M92,ZB,30y Treasury Bond,15 Year to 25 Year US Treasury Bonds,1.0,13:59,14:00,vwap,exch,12:00,12:01,Delivery,exch,12:01,USD,1000.0,0.03125,1991-09-18,1992-06-18,1991-09-18,1992-06-18,1992-06-29,1992-06-26,1992-06-30,1992-06-29,1992-07-01,1992-06-30,,,,first_notice,XCME,XCME,,,1.0,6,1992
ZB_U92,ZB,30y Treasury Bond,15 Year to 25 Year US Treasury Bonds,1.0,13:59,14:00,vwap,exch,12:00,12:01,Delivery,exch,12:01,USD,1000.0,0.03125,1991-12-18,1992-09-18,1991-12-18,1992-09-18,1992-09-29,1992-09-28,1992-09-30,1992-09-29,1992-10-01,1992-09-30,,,,first_notice,XCME,XCME,,,1.0,9,1992
ZB_Z92,ZB,30y Treasury Bond,15 Year to 25 Year US Treasury Bonds,1.0,13:59,14:00,vwap,exch,12:00,12:01,Delivery,exch,12:01,USD,1000.0,0.03125,1992-03-19,1992-12-18,1992-03-19,1992-12-18,1992-12-30,1992-12-29,1992-12-31,1992-12-30,1993-01-04,1992-12-31,,,,first_notice,XCME,XCME,,,1.0,12,1992
ZB_H93,ZB,30y Treasury Bond,15 Year to 25 Year US Treasury Bonds,1.0,13:59,14:00,vwap,exch,12:00,12:01,Delivery,exch,12:01,USD,1000.0,0.03125,1992-06-18,1993-03-19,1992-06-18,1993-03-19,1993-03-30,1993-03-29,1993-03-31,1993-03-30,1993-04-01,1993-03-31,,,,first_notice,XCME,XCME,,,1.0,3,1993
ZB_M93,ZB,30y Treasury Bond,15 Year to 25 Year US Treasury Bonds,1.0,13:59,14:00,vwap,exch,12:00,12:01,Delivery,exch,12:01,USD,1000.0,0.03125,1992-09-18,1993-06-18,1992-09-18,1993-06-18,1993-06-29,1993-06-28,1993-06-30,1993-06-29,1993-07-01,1993-06-30,,,,first_notice,XCME,XCME,,,1.0,6,1993
ZB_U93,ZB,30y Treasury Bond,15 Year to 25 Year US Treasury Bonds,1.0,13:59,14:00,vwap,exch,12:00,12:01,Delivery,exch,12:01,USD,1000.0,0.03125,1992-12-18,1993-09-20,1992-12-18,1993-09-20,1993-09-29,1993-09-28,1993-09-30,1993-09-29,1993-10-01,1993-09-30,,,,first_notice,XCME,XCME,,,1.0,9,1993
ZB_Z93,ZB,30y Treasury Bond,15 Year to 25 Year US Treasury Bonds,1.0,13:59,14:00,vwap,exch,12:00,12:01,Delivery,exch,12:01,USD,1000.0,0.03125,1993-03-19,1993-12-20,1993-03-19,1993-12-20,1993-12-30,1993-12-29,1993-12-31,1993-12-30,1994-01-03,1993-12-31,,,,first_notice,XCME,XCME,,,1.0,12,1993
ZB_H94,ZB,30y Treasury Bond,15 Year to 25 Year US Treasury Bonds,1.0,13:59,14:00,vwap,exch,12:00,12:01,Delivery,exch,12:01,USD,1000.0,0.03125,1993-06-18,1994-03-21,1993-06-18,1994-03-21,1994-03-30,1994-03-29,1994-03-31,1994-03-30,1994-04-04,1994-03-31,,,,first_notice,XCME,XCME,,,1.0,3,1994
ZB_M94,ZB,30y Treasury Bond,15 Year to 25 Year US Treasury Bonds,1.0,13:59,14:00,vwap,exch,12:00,12:01,Delivery,exch,12:01,USD,1000.0,0.03125,1993-09-20,1994-06-20,1993-09-20,1994-06-20,1994-06-29,1994-06-28,1994-06-30,1994-06-29,1994-07-01,1994-06-30,,,,first_notice,XCME,XCME,,,1.0,6,1994
ZB_U94,ZB,30y Treasury Bond,15 Year to 25 Year US Treasury Bonds,1.0,13:59,14:00,vwap,exch,12:00,12:01,Delivery,exch,12:01,USD,1000.0,0.03125,1993-12-20,1994-09-20,1993-12-20,1994-09-20,1994-09-29,1994-09-28,1994-09-30,1994-09-29,1994-10-03,1994-09-30,,,,first_notice,XCME,XCME,,,1.0,9,1994
ZB_Z94,ZB,30y Treasury Bond,15 Year to 25 Year US Treasury Bonds,1.0,13:59,14:00,vwap,exch,12:00,12:01,Delivery,exch,12:01,USD,1000.0,0.03125,1994-03-21,1994-12-20,1994-03-21,1994-12-20,1994-12-29,1994-12-29,1994-12-30,1994-12-30,1995-01-03,1995-01-03,,,,first_notice,XCME,XCME,,,1.0,12,1994
ZB_H95,ZB,30y Treasury Bond,15 Year to 25 Year US Treasury Bonds,1.0,13:59,14:00,vwap,exch,12:00,12:01,Delivery,exch,12:01,USD,1000.0,0.03125,1994-06-20,1995-03-21,1994-06-20,1995-03-21,1995-03-30,1995-03-29,1995-03-31,1995-03-30,1995-04-03,1995-03-31,,,,first_notice,XCME,XCME,,,1.0,3,1995
ZB_M95,ZB,30y Treasury Bond,15 Year to 25 Year US Treasury Bonds,1.0,13:59,14:00,vwap,exch,12:00,12:01,Delivery,exch,12:01,USD,1000.0,0.03125,1994-09-20,1995-06-20,1994-09-20,1995-06-20,1995-06-29,1995-06-28,1995-06-30,1995-06-29,1995-07-03,1995-06-30,,,,first_notice,XCME,XCME,,,1.0,6,1995
ZB_U95,ZB,30y Treasury Bond,15 Year to 25 Year US Treasury Bonds,1.0,13:59,14:00,vwap,exch,12:00,12:01,Delivery,exch,12:01,USD,1000.0,0.03125,1994-12-20,1995-09-20,1994-12-20,1995-09-20,1995-09-28,1995-09-28,1995-09-29,1995-09-29,1995-10-02,1995-10-02,,,,first_notice,XCME,XCME,,,1.0,9,1995
ZB_Z95,ZB,30y Treasury Bond,15 Year to 25 Year US Treasury Bonds,1.0,13:59,14:00,vwap,exch,12:00,12:01,Delivery,exch,12:01,USD,1000.0,0.03125,1995-03-21,1995-12-19,1995-03-21,1995-12-19,1995-12-28,1995-12-28,1995-12-29,1995-12-29,1996-01-02,1996-01-02,,,,first_notice,XCME,XCME,,,1.0,12,1995
ZB_H96,ZB,30y Treasury Bond,15 Year to 25 Year US Treasury Bonds,1.0,13:59,14:00,vwap,exch,12:00,12:01,Delivery,exch,12:01,USD,1000.0,0.03125,1995-06-20,1996-03-20,1995-06-20,1996-03-20,1996-03-28,1996-03-28,1996-03-29,1996-03-29,1996-04-01,1996-04-01,,,,first_notice,XCME,XCME,,,1.0,3,1996
ZB_M96,ZB,30y Treasury Bond,15 Year to 25 Year US Treasury Bonds,1.0,13:59,14:00,vwap,exch,12:00,12:01,Delivery,exch,12:01,USD,1000.0,0.03125,1995-09-20,1996-06-19,1995-09-20,1996-06-19,1996-06-27,1996-06-27,1996-06-28,1996-06-28,1996-07-01,1996-07-01,,,,first_notice,XCME,XCME,,,1.0,6,1996
ZB_U96,ZB,30y Treasury Bond,15 Year to 25 Year US Treasury Bonds,1.0,13:59,14:00,vwap,exch,12:00,12:01,Delivery,exch,12:01,USD,1000.0,0.03125,1995-12-19,1996-09-18,1995-12-19,1996-09-18,1996-09-27,1996-09-26,1996-09-30,1996-09-27,1996-10-01,1996-09-30,,,,first_notice,XCME,XCME,,,1.0,9,1996
ZB_Z96,ZB,30y Treasury Bond,15 Year to 25 Year US Treasury Bonds,1.0,13:59,14:00,vwap,exch,12:00,12:01,Delivery,exch,12:01,USD,1000.0,0.03125,1996-03-20,1996-12-18,1996-03-20,1996-12-18,1996-12-30,1996-12-27,1996-12-31,1996-12-30,1997-01-02,1996-12-31,,,,first_notice,XCME,XCME,,,1.0,12,1996
ZB_H97,ZB,30y Treasury Bond,15 Year to 25 Year US Treasury Bonds,1.0,13:59,14:00,vwap,exch,12:00,12:01,Delivery,exch,12:01,USD,1000.0,0.03125,1996-06-19,1997-03-18,1996-06-19,1997-03-18,1997-03-27,1997-03-26,1997-03-31,1997-03-27,1997-04-01,1997-03-31,,,,first_notice,XCME,XCME,,,1.0,3,1997
ZB_M97,ZB,30y Treasury Bond,15 Year to 25 Year US Treasury Bonds,1.0,13:59,14:00,vwap,exch,12:00,12:01,Delivery,exch,12:01,USD,1000.0,0.03125,1996-09-18,1997-06-18,1996-09-18,1997-06-18,1997-06-27,1997-06-26,1997-06-30,1997-06-27,1997-07-01,1997-06-30,,,,first_notice,XCME,XCME,,,1.0,6,1997
ZB_U97,ZB,30y Treasury Bond,15 Year to 25 Year US Treasury Bonds,1.0,13:59,14:00,vwap,exch,12:00,12:01,Delivery,exch,12:01,USD,1000.0,0.03125,1996-12-18,1997-09-18,1996-12-18,1997-09-18,1997-09-29,1997-09-26,1997-09-30,1997-09-29,1997-10-01,1997-09-30,,,,first_notice,XCME,XCME,,,1.0,9,1997
ZB_Z97,ZB,30y Treasury Bond,15 Year to 25 Year US Treasury Bonds,1.0,13:59,14:00,vwap,exch,12:00,12:01,Delivery,exch,12:01,USD,1000.0,0.03125,1997-03-18,1997-12-18,1997-03-18,1997-12-18,1997-12-30,1997-12-29,1997-12-31,1997-12-30,1998-01-02,1997-12-31,,,,first_notice,XCME,XCME,,,1.0,12,1997
ZB_H98,ZB,30y Treasury Bond,15 Year to 25 Year US Treasury Bonds,1.0,13:59,14:00,vwap,exch,12:00,12:01,Delivery,exch,12:01,USD,1000.0,0.03125,1997-06-18,1998-03-19,1997-06-18,1998-03-19,1998-03-30,1998-03-27,1998-03-31,1998-03-30,1998-04-01,1998-03-31,,,,first_notice,XCME,XCME,,,1.0,3,1998
ZB_M98,ZB,30y Treasury Bond,15 Year to 25 Year US Treasury Bonds,1.0,13:59,14:00,vwap,exch,12:00,12:01,Delivery,exch,12:01,USD,1000.0,0.03125,1997-09-18,1998-06-18,1997-09-18,1998-06-18,1998-06-29,1998-06-26,1998-06-30,1998-06-29,1998-07-01,1998-06-30,,,,first_notice,XCME,XCME,,,1.0,6,1998
ZB_U98,ZB,30y Treasury Bond,15 Year to 25 Year US Treasury Bonds,1.0,13:59,14:00,vwap,exch,12:00,12:01,Delivery,exch,12:01,USD,1000.0,0.03125,1997-12-18,1998-09-18,1997-12-18,1998-09-18,1998-09-29,1998-09-28,1998-09-30,1998-09-29,1998-10-01,1998-09-30,,,,first_notice,XCME,XCME,,,1.0,9,1998
ZB_Z98,ZB,30y Treasury Bond,15 Year to 25 Year US Treasury Bonds,1.0,13:59,14:00,vwap,exch,12:00,12:01,Delivery,exch,12:01,USD,1000.0,0.03125,1998-03-19,1998-12-18,1998-03-19,1998-12-18,1998-12-30,1998-12-29,1998-12-31,1998-12-30,1999-01-04,1998-12-31,,,,first_notice,XCME,XCME,,,1.0,12,1998
ZB_H99,ZB,30y Treasury Bond,15 Year to 25 Year US Treasury Bonds,1.0,13:59,14:00,vwap,exch,12:00,12:01,Delivery,exch,12:01,USD,1000.0,0.03125,1998-06-18,1999-03-19,1998-06-18,1999-03-19,1999-03-30,1999-03-29,1999-03-31,1999-03-30,1999-04-01,1999-03-31,,,,first_notice,XCME,XCME,,,1.0,3,1999
ZB_M99,ZB,30y Treasury Bond,15 Year to 25 Year US Treasury Bonds,1.0,13:59,14:00,vwap,exch,12:00,12:01,Delivery,exch,12:01,USD,1000.0,0.03125,1998-09-18,1999-06-18,1998-09-18,1999-06-18,1999-06-29,1999-06-28,1999-06-30,1999-06-29,1999-07-01,1999-06-30,,,,first_notice,XCME,XCME,,,1.0,6,1999
ZB_U99,ZB,30y Treasury Bond,15 Year to 25 Year US Treasury Bonds,1.0,13:59,14:00,vwap,exch,12:00,12:01,Delivery,exch,12:01,USD,1000.0,0.03125,1998-12-18,1999-09-20,1998-12-18,1999-09-20,1999-09-29,1999-09-28,1999-09-30,1999-09-29,1999-10-01,1999-09-30,,,,first_notice,XCME,XCME,,,1.0,9,1999
ZB_Z99,ZB,30y Treasury Bond,15 Year to 25 Year US Treasury Bonds,1.0,13:59,14:00,vwap,exch,12:00,12:01,Delivery,exch,12:01,USD,1000.0,0.03125,1999-03-19,1999-12-20,1999-03-19,1999-12-20,1999-12-30,1999-12-29,1999-12-31,1999-12-30,2000-01-03,1999-12-31,,,,first_notice,XCME,XCME,,,1.0,12,1999
ZB_H00,ZB,30y Treasury Bond,15 Year to 25 Year US Treasury Bonds,1.0,13:59,14:00,vwap,exch,12:00,12:01,Delivery,exch,12:01,USD,1000.0,0.03125,1999-06-18,2000-03-21,1999-06-18,2000-03-21,2000-03-30,2000-03-29,2000-03-31,2000-03-30,2000-04-03,2000-03-31,,,,first_notice,XCME,XCME,,,1.0,3,2000
ZB_M00,ZB,30y Treasury Bond,15 Year to 25 Year US Treasury Bonds,1.0,13:59,14:00,vwap,exch,12:00,12:01,Delivery,exch,12:01,USD,1000.0,0.03125,1999-09-20,2000-06-20,1999-09-20,2000-06-20,2000-06-29,2000-06-28,2000-06-30,2000-06-29,2000-07-03,2000-06-30,,,,first_notice,XCME,XCME,,,1.0,6,2000
ZB_U00,ZB,30y Treasury Bond,15 Year to 25 Year US Treasury Bonds,1.0,13:59,14:00,vwap,exch,12:00,12:01,Delivery,exch,12:01,USD,1000.0,0.03125,1999-12-20,2000-09-20,1999-12-20,2000-09-20,2000-09-28,2000-09-28,2000-09-29,2000-09-29,2000-10-02,2000-10-02,,,,first_notice,XCME,XCME,,,1.0,9,2000
ZB_Z00,ZB,30y Treasury Bond,15 Year to 25 Year US Treasury Bonds,1.0,13:59,14:00,vwap,exch,12:00,12:01,Delivery,exch,12:01,USD,1000.0,0.03125,2000-03-21,2000-12-19,2000-03-21,2000-12-19,2000-12-28,2000-12-28,2000-12-29,2000-12-29,2001-01-02,2001-01-02,,,,first_notice,XCME,XCME,,,1.0,12,2000
ZB_H01,ZB,30y Treasury Bond,15 Year to 25 Year US Treasury Bonds,1.0,13:59,14:00,vwap,exch,12:00,12:01,Delivery,exch,12:01,USD,1000.0,0.03125,2000-06-20,2001-03-21,2000-06-20,2001-03-21,2001-03-29,2001-03-29,2001-03-30,2001-03-30,2001-04-02,2001-04-02,,,,first_notice,XCME,XCME,,,1.0,3,2001
ZB_M01,ZB,30y Treasury Bond,15 Year to 25 Year US Treasury Bonds,1.0,13:59,14:00,vwap,exch,12:00,12:01,Delivery,exch,12:01,USD,1000.0,0.03125,2000-09-20,2001-06-20,2000-09-20,2001-06-20,2001-06-28,2001-06-28,2001-06-29,2001-06-29,2001-07-02,2001-07-02,,,,first_notice,XCME,XCME,,,1.0,6,2001
ZB_U01,ZB,30y Treasury Bond,15 Year to 25 Year US Treasury Bonds,1.0,13:59,14:00,vwap,exch,12:00,12:01,Delivery,exch,12:01,USD,1000.0,0.03125,2000-12-19,2001-09-19,2000-12-19,2001-09-19,2001-09-27,2001-09-27,2001-09-28,2001-09-28,2001-10-01,2001-10-01,,,,first_notice,XCME,XCME,,,1.0,9,2001
ZB_Z01,ZB,30y Treasury Bond,15 Year to 25 Year US Treasury Bonds,1.0,13:59,14:00,vwap,exch,12:00,12:01,Delivery,exch,12:01,USD,1000.0,0.03125,2001-03-21,2001-12-18,2001-03-21,2001-12-18,2001-12-28,2001-12-27,2001-12-31,2001-12-28,2002-01-02,2001-12-31,,,,first_notice,XCME,XCME,,,1.0,12,2001
ZB_H02,ZB,30y Treasury Bond,15 Year to 25 Year US Treasury Bonds,1.0,13:59,14:00,vwap,exch,12:00,12:01,Delivery,exch,12:01,USD,1000.0,0.03125,2001-06-20,2002-03-19,2001-06-20,2002-03-19,2002-03-27,2002-03-27,2002-03-28,2002-03-28,2002-04-01,2002-04-01,,,,first_notice,XCME,XCME,,,1.0,3,2002
ZB_M02,ZB,30y Treasury Bond,15 Year to 25 Year US Treasury Bonds,1.0,13:59,14:00,vwap,exch,12:00,12:01,Delivery,exch,12:01,USD,1000.0,0.03125,2001-09-19,2002-06-19,2001-09-19,2002-06-19,2002-06-27,2002-06-27,2002-06-28,2002-06-28,2002-07-01,2002-07-01,,,,first_notice,XCME,XCME,,,1.0,6,2002
ZB_U02,ZB,30y Treasury Bond,15 Year to 25 Year US Treasury Bonds,1.0,13:59,14:00,vwap,exch,12:00,12:01,Delivery,exch,12:01,USD,1000.0,0.03125,2001-12-18,2002-09-18,2001-12-18,2002-09-18,2002-09-27,2002-09-26,2002-09-30,2002-09-27,2002-10-01,2002-09-30,,,,first_notice,XCME,XCME,,,1.0,9,2002
ZB_Z02,ZB,30y Treasury Bond,15 Year to 25 Year US Treasury Bonds,1.0,13:59,14:00,vwap,exch,12:00,12:01,Delivery,exch,12:01,USD,1000.0,0.03125,2002-03-19,2002-12-18,2002-03-19,2002-12-18,2002-12-30,2002-12-27,2002-12-31,2002-12-30,2003-01-02,2002-12-31,,,,first_notice,XCME,XCME,,,1.0,12,2002
ZB_H03,ZB,30y Treasury Bond,15 Year to 25 Year US Treasury Bonds,1.0,13:59,14:00,vwap,exch,12:00,12:01,Delivery,exch,12:01,USD,1000.0,0.03125,2002-06-19,2003-03-19,2002-06-19,2003-03-19,2003-03-28,2003-03-27,2003-03-31,2003-03-28,2003-04-01,2003-03-31,,,,first_notice,XCME,XCME,,,1.0,3,2003
ZB_M03,ZB,30y Treasury Bond,15 Year to 25 Year US Treasury Bonds,1.0,13:59,14:00,vwap,exch,12:00,12:01,Delivery,exch,12:01,USD,1000.0,0.03125,2002-09-18,2003-06-18,2002-09-18,2003-06-18,2003-06-27,2003-06-26,2003-06-30,2003-06-27,2003-07-01,2003-06-30,,,,first_notice,XCME,XCME,,,1.0,6,2003
ZB_U03,ZB,30y Treasury Bond,15 Year to 25 Year US Treasury Bonds,1.0,13:59,14:00,vwap,exch,12:00,12:01,Delivery,exch,12:01,USD,1000.0,0.03125,2002-12-18,2003-09-18,2002-12-18,2003-09-18,2003-09-29,2003-09-26,2003-09-30,2003-09-29,2003-10-01,2003-09-30,,,,first_notice,XCME,XCME,,,1.0,9,2003
ZB_Z03,ZB,30y Treasury Bond,15 Year to 25 Year US Treasury Bonds,1.0,13:59,14:00,vwap,exch,12:00,12:01,Delivery,exch,12:01,USD,1000.0,0.03125,2003-03-19,2003-12-18,2003-03-19,2003-12-18,2003-12-30,2003-12-29,2003-12-31,2003-12-30,2004-01-02,2003-12-31,,,,first_notice,XCME,XCME,,,1.0,12,2003
ZB_H04,ZB,30y Treasury Bond,15 Year to 25 Year US Treasury Bonds,1.0,13:59,14:00,vwap,exch,12:00,12:01,Delivery,exch,12:01,USD,1000.0,0.03125,2003-06-18,2004-03-19,2003-06-18,2004-03-19,2004-03-30,2004-03-29,2004-03-31,2004-03-30,2004-04-01,2004-03-31,,,,first_notice,XCME,XCME,,,1.0,3,2004
ZB_M04,ZB,30y Treasury Bond,15 Year to 25 Year US Treasury Bonds,1.0,13:59,14:00,vwap,exch,12:00,12:01,Delivery,exch,12:01,USD,1000.0,0.03125,2003-09-18,2004-06-18,2003-09-18,2004-06-18,2004-06-29,2004-06-28,2004-06-30,2004-06-29,2004-07-01,2004-06-30,,,,first_notice,XCME,XCME,,,1.0,6,2004
ZB_U04,ZB,30y Treasury Bond,15 Year to 25 Year US Treasury Bonds,1.0,13:59,14:00,vwap,exch,12:00,12:01,Delivery,exch,12:01,USD,1000.0,0.03125,2003-12-18,2004-09-20,2003-12-18,2004-09-20,2004-09-29,2004-09-28,2004-09-30,2004-09-29,2004-10-01,2004-09-30,,,,first_notice,XCME,XCME,,,1.0,9,2004
ZB_Z04,ZB,30y Treasury Bond,15 Year to 25 Year US Treasury Bonds,1.0,13:59,14:00,vwap,exch,12:00,12:01,Delivery,exch,12:01,USD,1000.0,0.03125,2004-03-19,2004-12-20,2004-03-19,2004-12-20,2004-12-30,2004-12-29,2004-12-31,2004-12-30,2005-01-03,2004-12-31,,,,first_notice,XCME,XCME,,,1.0,12,2004
ZB_H05,ZB,30y Treasury Bond,15 Year to 25 Year US Treasury Bonds,1.0,13:59,14:00,vwap,exch,12:00,12:01,Delivery,exch,12:01,USD,1000.0,0.03125,2004-06-18,2005-03-18,2004-06-18,2005-03-18,2005-03-30,2005-03-29,2005-03-31,2005-03-30,2005-04-01,2005-03-31,,,,first_notice,XCME,XCME,,,1.0,3,2005
ZB_M05,ZB,30y Treasury Bond,15 Year to 25 Year US Treasury Bonds,1.0,13:59,14:00,vwap,exch,12:00,12:01,Delivery,exch,12:01,USD,1000.0,0.03125,2004-09-20,2005-06-20,2004-09-20,2005-06-20,2005-06-29,2005-06-28,2005-06-30,2005-06-29,2005-07-01,2005-06-30,,,,first_notice,XCME,XCME,,,1.0,6,2005
ZB_U05,ZB,30y Treasury Bond,15 Year to 25 Year US Treasury Bonds,1.0,13:59,14:00,vwap,exch,12:00,12:01,Delivery,exch,12:01,USD,1000.0,0.03125,2004-12-20,2005-09-20,2004-12-20,2005-09-20,2005-09-29,2005-09-28,2005-09-30,2005-09-29,2005-10-03,2005-09-30,,,,first_notice,XCME,XCME,,,1.0,9,2005
ZB_Z05,ZB,30y Treasury Bond,15 Year to 25 Year US Treasury Bonds,1.0,13:59,14:00,vwap,exch,12:00,12:01,Delivery,exch,12:01,USD,1000.0,0.03125,2005-03-18,2005-12-20,2005-03-18,2005-12-20,2005-12-29,2005-12-29,2005-12-30,2005-12-30,2006-01-03,2006-01-03,,,,first_notice,XCME,XCME,,,1.0,12,2005
ZB_H06,ZB,30y Treasury Bond,15 Year to 25 Year US Treasury Bonds,1.0,13:59,14:00,vwap,exch,12:00,12:01,Delivery,exch,12:01,USD,1000.0,0.03125,2005-06-20,2006-03-21,2005-06-20,2006-03-21,2006-03-30,2006-03-29,2006-03-31,2006-03-30,2006-04-03,2006-03-31,,,,first_notice,XCME,XCME,,,1.0,3,2006
ZB_M06,ZB,30y Treasury Bond,15 Year to 25 Year US Treasury Bonds,1.0,13:59,14:00,vwap,exch,12:00,12:01,Delivery,exch,12:01,USD,1000.0,0.03125,2005-09-20,2006-06-20,2005-09-20,2006-06-20,2006-06-29,2006-06-28,2006-06-30,2006-06-29,2006-07-03,2006-06-30,,,,first_notice,XCME,XCME,,,1.0,6,2006
ZB_U06,ZB,30y Treasury Bond,15 Year to 25 Year US Treasury Bonds,1.0,13:59,14:00,vwap,exch,12:00,12:01,Delivery,exch,12:01,USD,1000.0,0.03125,2005-12-20,2006-09-20,2005-12-20,2006-09-20,2006-09-28,2006-09-28,2006-09-29,2006-09-29,2006-10-02,2006-10-02,,,,first_notice,XCME,XCME,,,1.0,9,2006
ZB_Z06,ZB,30y Treasury Bond,15 Year to 25 Year US Treasury Bonds,1.0,13:59,14:00,vwap,exch,12:00,12:01,Delivery,exch,12:01,USD,1000.0,0.03125,2006-03-21,2006-12-19,2006-03-21,2006-12-19,2006-12-28,2006-12-28,2006-12-29,2006-12-29,2007-01-02,2007-01-02,,,,first_notice,XCME,XCME,,,1.0,12,2006
ZB_H07,ZB,30y Treasury Bond,15 Year to 25 Year US Treasury Bonds,1.0,13:59,14:00,vwap,exch,12:00,12:01,Delivery,exch,12:01,USD,1000.0,0.03125,2006-06-20,2007-03-21,2006-06-20,2007-03-21,2007-03-29,2007-03-29,2007-03-30,2007-03-30,2007-04-02,2007-04-02,,,,first_notice,XCME,XCME,,,1.0,3,2007
ZB_M07,ZB,30y Treasury Bond,15 Year to 25 Year US Treasury Bonds,1.0,13:59,14:00,vwap,exch,12:00,12:01,Delivery,exch,12:01,USD,1000.0,0.03125,2006-09-20,2007-06-20,2006-09-20,2007-06-20,2007-06-28,2007-06-28,2007-06-29,2007-06-29,2007-07-02,2007-07-02,,,,first_notice,XCME,XCME,,,1.0,6,2007
ZB_U07,ZB,30y Treasury Bond,15 Year to 25 Year US Treasury Bonds,1.0,13:59,14:00,vwap,exch,12:00,12:01,Delivery,exch,12:01,USD,1000.0,0.03125,2006-12-19,2007-09-19,2006-12-19,2007-09-19,2007-09-27,2007-09-27,2007-09-28,2007-09-28,2007-10-01,2007-10-01,,,,first_notice,XCME,XCME,,,1.0,9,2007
ZB_Z07,ZB,30y Treasury Bond,15 Year to 25 Year US Treasury Bonds,1.0,13:59,14:00,vwap,exch,12:00,12:01,Delivery,exch,12:01,USD,1000.0,0.03125,2007-03-21,2007-12-18,2007-03-21,2007-12-18,2007-12-28,2007-12-27,2007-12-31,2007-12-28,2008-01-02,2007-12-31,,,,first_notice,XCME,XCME,,,1.0,12,2007
ZB_H08,ZB,30y Treasury Bond,15 Year to 25 Year US Treasury Bonds,1.0,13:59,14:00,vwap,exch,12:00,12:01,Delivery,exch,12:01,USD,1000.0,0.03125,2007-06-20,2008-03-18,2007-06-20,2008-03-18,2008-03-28,2008-03-27,2008-03-31,2008-03-28,2008-04-01,2008-03-31,,,,first_notice,XCME,XCME,,,1.0,3,2008
ZB_M08,ZB,30y Treasury Bond,15 Year to 25 Year US Treasury Bonds,1.0,13:59,14:00,vwap,exch,12:00,12:01,Delivery,exch,12:01,USD,1000.0,0.03125,2007-09-19,2008-06-18,2007-09-19,2008-06-18,2008-06-27,2008-06-26,2008-06-30,2008-06-27,2008-07-01,2008-06-30,,,,first_notice,XCME,XCME,,,1.0,6,2008
ZB_U08,ZB,30y Treasury Bond,15 Year to 25 Year US Treasury Bonds,1.0,13:59,14:00,vwap,exch,12:00,12:01,Delivery,exch,12:01,USD,1000.0,0.03125,2007-12-18,2008-09-18,2007-12-18,2008-09-18,2008-09-29,2008-09-26,2008-09-30,2008-09-29,2008-10-01,2008-09-30,,,,first_notice,XCME,XCME,,,1.0,9,2008
ZB_Z08,ZB,30y Treasury Bond,15 Year to 25 Year US Treasury Bonds,1.0,13:59,14:00,vwap,exch,12:00,12:01,Delivery,exch,12:01,USD,1000.0,0.03125,2008-03-18,2008-12-18,2008-03-18,2008-12-18,2008-12-30,2008-12-29,2008-12-31,2008-12-30,2009-01-02,2008-12-31,,,,first_notice,XCME,XCME,,,1.0,12,2008
ZB_H09,ZB,30y Treasury Bond,15 Year to 25 Year US Treasury Bonds,1.0,13:59,14:00,vwap,exch,12:00,12:01,Delivery,exch,12:01,USD,1000.0,0.03125,2008-06-18,2009-03-19,2008-06-18,2009-03-19,2009-03-30,2009-03-27,2009-03-31,2009-03-30,2009-04-01,2009-03-31,,,,first_notice,XCME,XCME,,,1.0,3,2009
ZB_M09,ZB,30y Treasury Bond,15 Year to 25 Year US Treasury Bonds,1.0,13:59,14:00,vwap,exch,12:00,12:01,Delivery,exch,12:01,USD,1000.0,0.03125,2008-09-18,2009-06-18,2008-09-18,2009-06-18,2009-06-29,2009-06-26,2009-06-30,2009-06-29,2009-07-01,2009-06-30,,,,first_notice,XCME,XCME,,,1.0,6,2009
ZB_U09,ZB,30y Treasury Bond,15 Year to 25 Year US Treasury Bonds,1.0,13:59,14:00,vwap,exch,12:00,12:01,Delivery,exch,12:01,USD,1000.0,0.03125,2008-12-18,2009-09-18,2008-12-18,2009-09-18,2009-09-29,2009-09-28,2009-09-30,2009-09-29,2009-10-01,2009-09-30,,,,first_notice,XCME,XCME,,,1.0,9,2009
ZB_Z09,ZB,30y Treasury Bond,15 Year to 25 Year US Treasury Bonds,1.0,13:59,14:00,vwap,exch,12:00,12:01,Delivery,exch,12:01,USD,1000.0,0.03125,2009-03-19,2009-12-18,2009-03-19,2009-12-18,2009-12-30,2009-12-29,2009-12-31,2009-12-30,2010-01-04,2009-12-31,,,,first_notice,XCME,XCME,,,1.0,12,2009
ZB_H10,ZB,30y Treasury Bond,15 Year to 25 Year US Treasury Bonds,1.0,13:59,14:00,vwap,exch,12:00,12:01,Delivery,exch,12:01,USD,1000.0,0.03125,2009-06-18,2010-03-19,2009-06-18,2010-03-19,2010-03-30,2010-03-29,2010-03-31,2010-03-30,2010-04-01,2010-03-31,,,,first_notice,XCME,XCME,,,1.0,3,2010
ZB_M10,ZB,30y Treasury Bond,15 Year to 25 Year US Treasury Bonds,1.0,13:59,14:00,vwap,exch,12:00,12:01,Delivery,exch,12:01,USD,1000.0,0.03125,2009-09-18,2010-06-18,2009-09-18,2010-06-18,2010-06-29,2010-06-28,2010-06-30,2010-06-29,2010-07-01,2010-06-30,,,,first_notice,XCME,XCME,,,1.0,6,2010
ZB_U10,ZB,30y Treasury Bond,15 Year to 25 Year US Treasury Bonds,1.0,13:59,14:00,vwap,exch,12:00,12:01,Delivery,exch,12:01,USD,1000.0,0.03125,2009-12-18,2010-09-20,2009-12-18,2010-09-20,2010-09-29,2010-09-28,2010-09-30,2010-09-29,2010-10-01,2010-09-30,,,,first_notice,XCME,XCME,,,1.0,9,2010
ZB_Z10,ZB,30y Treasury Bond,15 Year to 25 Year US Treasury Bonds,1.0,13:59,14:00,vwap,exch,12:00,12:01,Delivery,exch,12:01,USD,1000.0,0.03125,2010-03-23,2010-12-20,2010-03-19,2010-12-20,2010-12-30,2010-12-29,2010-12-31,2010-12-30,2011-01-03,2010-12-31,,,,first_notice,XCME,XCME,,,1.0,12,2010
ZB_H11,ZB,30y Treasury Bond,15 Year to 25 Year US Treasury Bonds,1.0,13:59,14:00,vwap,exch,12:00,12:01,Delivery,exch,12:01,USD,1000.0,0.03125,2010-06-22,2011-03-21,2010-06-18,2011-03-21,2011-03-30,2011-03-29,2011-03-31,2011-03-30,2011-04-01,2011-03-31,,,,first_notice,XCME,XCME,,,1.0,3,2011
ZB_M11,ZB,30y Treasury Bond,15 Year to 25 Year US Treasury Bonds,1.0,13:59,14:00,vwap,exch,12:00,12:01,Delivery,exch,12:01,USD,1000.0,0.03125,2010-09-22,2011-06-20,2010-09-20,2011-06-20,2011-06-29,2011-06-28,2011-06-30,2011-06-29,2011-07-01,2011-06-30,,,,first_notice,XCME,XCME,,,1.0,6,2011
ZB_U11,ZB,30y Treasury Bond,15 Year to 25 Year US Treasury Bonds,1.0,13:59,14:00,vwap,exch,12:00,12:01,Delivery,exch,12:01,USD,1000.0,0.03125,2010-12-22,2011-09-20,2010-12-20,2011-09-20,2011-09-29,2011-09-28,2011-09-30,2011-09-29,2011-10-03,2011-09-30,,,,first_notice,XCME,XCME,,,1.0,9,2011
ZB_Z11,ZB,30y Treasury Bond,15 Year to 25 Year US Treasury Bonds,1.0,13:59,14:00,vwap,exch,12:00,12:01,Delivery,exch,12:01,USD,1000.0,0.03125,2011-03-23,2011-12-20,2011-03-21,2011-12-20,2011-12-29,2011-12-29,2011-12-30,2011-12-30,2012-01-03,2012-01-03,,,,first_notice,XCME,XCME,,,1.0,12,2011
ZB_H12,ZB,30y Treasury Bond,15 Year to 25 Year US Treasury Bonds,1.0,13:59,14:00,vwap,exch,12:00,12:01,Delivery,exch,12:01,USD,1000.0,0.03125,2011-06-22,2012-03-21,2011-06-20,2012-03-21,2012-03-29,2012-03-29,2012-03-30,2012-03-30,2012-04-02,2012-04-02,,,,first_notice,XCME,XCME,,,1.0,3,2012
ZB_M12,ZB,30y Treasury Bond,15 Year to 25 Year US Treasury Bonds,1.0,13:59,14:00,vwap,exch,12:00,12:01,Delivery,exch,12:01,USD,1000.0,0.03125,2011-09-21,2012-06-20,2011-09-20,2012-06-20,2012-06-28,2012-06-28,2012-06-29,2012-06-29,2012-07-02,2012-07-02,,,,first_notice,XCME,XCME,,,1.0,6,2012
ZB_U12,ZB,30y Treasury Bond,15 Year to 25 Year US Treasury Bonds,1.0,13:59,14:00,vwap,exch,12:00,12:01,Delivery,exch,12:01,USD,1000.0,0.03125,2011-12-20,2012-09-19,2011-12-20,2012-09-19,2012-09-27,2012-09-27,2012-09-28,2012-09-28,2012-10-01,2012-10-01,,,,first_notice,XCME,XCME,,,1.0,9,2012
ZB_Z12,ZB,30y Treasury Bond,15 Year to 25 Year US Treasury Bonds,1.0,13:59,14:00,vwap,exch,12:00,12:01,Delivery,exch,12:01,USD,1000.0,0.03125,2012-03-21,2012-12-18,2012-03-21,2012-12-18,2012-12-28,2012-12-27,2012-12-31,2012-12-28,2013-01-02,2012-12-31,,,,first_notice,XCME,XCME,,,1.0,12,2012
ZB_H13,ZB,30y Treasury Bond,15 Year to 25 Year US Treasury Bonds,1.0,13:59,14:00,vwap,exch,12:00,12:01,Delivery,exch,12:01,USD,1000.0,0.03125,2012-06-21,2013-03-19,2012-06-20,2013-03-19,2013-03-27,2013-03-27,2013-03-28,2013-03-28,2013-04-01,2013-04-01,,,,first_notice,XCME,XCME,,,1.0,3,2013
ZB_M13,ZB,30y Treasury Bond,15 Year to 25 Year US Treasury Bonds,1.0,13:59,14:00,vwap,exch,12:00,12:01,Delivery,exch,12:01,USD,1000.0,0.03125,2012-09-20,2013-06-19,2012-09-19,2013-06-19,2013-06-27,2013-06-27,2013-06-28,2013-06-28,2013-07-01,2013-07-01,,,,first_notice,XCME,XCME,,,1.0,6,2013
ZB_U13,ZB,30y Treasury Bond,15 Year to 25 Year US Treasury Bonds,1.0,13:59,14:00,vwap,exch,12:00,12:01,Delivery,exch,12:01,USD,1000.0,0.03125,2012-12-20,2013-09-18,2012-12-18,2013-09-18,2013-09-27,2013-09-26,2013-09-30,2013-09-27,2013-10-01,2013-09-30,,,,first_notice,XCME,XCME,,,1.0,9,2013
ZB_Z13,ZB,30y Treasury Bond,15 Year to 25 Year US Treasury Bonds,1.0,13:59,14:00,vwap,exch,12:00,12:01,Delivery,exch,12:01,USD,1000.0,0.03125,2013-03-20,2013-12-18,2013-03-19,2013-12-18,2013-12-30,2013-12-27,2013-12-31,2013-12-30,2014-01-02,2013-12-31,,,,first_notice,XCME,XCME,,,1.0,12,2013
ZB_H14,ZB,30y Treasury Bond,15 Year to 25 Year US Treasury Bonds,1.0,13:59,14:00,vwap,exch,12:00,12:01,Delivery,exch,12:01,USD,1000.0,0.03125,2013-06-20,2014-03-19,2013-06-19,2014-03-19,2014-03-28,2014-03-27,2014-03-31,2014-03-28,2014-04-01,2014-03-31,,,,first_notice,XCME,XCME,,,1.0,3,2014
ZB_M14,ZB,30y Treasury Bond,15 Year to 25 Year US Treasury Bonds,1.0,13:59,14:00,vwap,exch,12:00,12:01,Delivery,exch,12:01,USD,1000.0,0.03125,2013-09-20,2014-06-18,2013-09-18,2014-06-18,2014-06-27,2014-06-26,2014-06-30,2014-06-27,2014-07-01,2014-06-30,,,,first_notice,XCME,XCME,,,1.0,6,2014
ZB_U14,ZB,30y Treasury Bond,15 Year to 25 Year US Treasury Bonds,1.0,13:59,14:00,vwap,exch,12:00,12:01,Delivery,exch,12:01,USD,1000.0,0.03125,2013-12-20,2014-09-18,2013-12-18,2014-09-18,2014-09-29,2014-09-26,2014-09-30,2014-09-29,2014-10-01,2014-09-30,,,,first_notice,XCME,XCME,,,1.0,9,2014
ZB_Z14,ZB,30y Treasury Bond,15 Year to 25 Year US Treasury Bonds,1.0,13:59,14:00,vwap,exch,12:00,12:01,Delivery,exch,12:01,USD,1000.0,0.03125,2014-03-20,2014-12-18,2014-03-19,2014-12-18,2014-12-30,2014-12-29,2014-12-31,2014-12-30,2015-01-02,2014-12-31,,,,first_notice,XCME,XCME,,,1.0,12,2014
ZB_H15,ZB,30y Treasury Bond,15 Year to 25 Year US Treasury Bonds,1.0,13:59,14:00,vwap,exch,12:00,12:01,Delivery,exch,12:01,USD,1000.0,0.03125,2014-06-20,2015-03-19,2014-06-18,2015-03-19,2015-03-30,2015-03-27,2015-03-31,2015-03-30,2015-04-01,2015-03-31,,,,first_notice,XCME,XCME,,,1.0,3,2015
ZB_M15,ZB,30y Treasury Bond,15 Year to 25 Year US Treasury Bonds,1.0,13:59,14:00,vwap,exch,12:00,12:01,Delivery,exch,12:01,USD,1000.0,0.03125,2014-09-19,2015-06-18,2014-09-18,2015-06-18,2015-06-29,2015-06-26,2015-06-30,2015-06-29,2015-07-01,2015-06-30,,,,first_notice,XCME,XCME,,,1.0,6,2015
ZB_U15,ZB,30y Treasury Bond,15 Year to 25 Year US Treasury Bonds,1.0,13:59,14:00,vwap,exch,12:00,12:01,Delivery,exch,12:01,USD,1000.0,0.03125,2014-12-19,2015-09-18,2014-12-18,2015-09-18,2015-09-29,2015-09-28,2015-09-30,2015-09-29,2015-10-01,2015-09-30,,,,first_notice,XCME,XCME,,,1.0,9,2015
ZB_Z15,ZB,30y Treasury Bond,15 Year to 25 Year US Treasury Bonds,1.0,13:59,14:00,vwap,exch,12:00,12:01,Delivery,exch,12:01,USD,1000.0,0.03125,2015-03-20,2015-12-18,2015-03-19,2015-12-18,2015-12-30,2015-12-29,2015-12-31,2015-12-30,2016-01-04,2015-12-31,,,,first_notice,XCME,XCME,,,1.0,12,2015
ZB_H16,ZB,30y Treasury Bond,15 Year to 25 Year US Treasury Bonds,1.0,13:59,14:00,vwap,exch,12:00,12:01,Delivery,exch,12:01,USD,1000.0,0.03125,2015-06-19,2016-03-18,2015-06-18,2016-03-18,2016-03-30,2016-03-29,2016-03-31,2016-03-30,2016-04-01,2016-03-31,,,,first_notice,XCME,XCME,,,1.0,3,2016
ZB_M16,ZB,30y Treasury Bond,15 Year to 25 Year US Treasury Bonds,1.0,13:59,14:00,vwap,exch,12:00,12:01,Delivery,exch,12:01,USD,1000.0,0.03125,2015-09-21,2016-06-20,2015-09-18,2016-06-20,2016-06-29,2016-06-28,2016-06-30,2016-06-29,2016-07-01,2016-06-30,,,,first_notice,XCME,XCME,,,1.0,6,2016
ZB_U16,ZB,30y Treasury Bond,15 Year to 25 Year US Treasury Bonds,1.0,13:59,14:00,vwap,exch,12:00,12:01,Delivery,exch,12:01,USD,1000.0,0.03125,2015-12-21,2016-09-20,2015-12-18,2016-09-20,2016-09-29,2016-09-28,2016-09-30,2016-09-29,2016-10-03,2016-09-30,,,,first_notice,XCME,XCME,,,1.0,9,2016
ZB_Z16,ZB,30y Treasury Bond,15 Year to 25 Year US Treasury Bonds,1.0,13:59,14:00,vwap,exch,12:00,12:01,Delivery,exch,12:01,USD,1000.0,0.03125,2016-03-21,2016-12-20,2016-03-18,2016-12-20,2016-12-29,2016-12-29,2016-12-30,2016-12-30,2017-01-03,2017-01-03,,,,first_notice,XCME,XCME,,,1.0,12,2016
ZB_H17,ZB,30y Treasury Bond,15 Year to 25 Year US Treasury Bonds,1.0,13:59,14:00,vwap,exch,12:00,12:01,Delivery,exch,12:01,USD,1000.0,0.03125,2016-06-21,2017-03-21,2016-06-20,2017-03-21,2017-03-30,2017-03-29,2017-03-31,2017-03-30,2017-04-03,2017-03-31,,,,first_notice,XCME,XCME,,,1.0,3,2017
ZB_M17,ZB,30y Treasury Bond,15 Year to 25 Year US Treasury Bonds,1.0,13:59,14:00,vwap,exch,12:00,12:01,Delivery,exch,12:01,USD,1000.0,0.03125,2016-09-21,2017-06-20,2016-09-20,2017-06-20,2017-06-29,2017-06-28,2017-06-30,2017-06-29,2017-07-03,2017-06-30,,,,first_notice,XCME,XCME,,,1.0,6,2017
ZB_U17,ZB,30y Treasury Bond,15 Year to 25 Year US Treasury Bonds,1.0,13:59,14:00,vwap,exch,12:00,12:01,Delivery,exch,12:01,USD,1000.0,0.03125,2016-12-20,2017-09-20,2016-12-20,2017-09-20,2017-09-28,2017-09-28,2017-09-29,2017-09-29,2017-10-02,2017-10-02,,,,first_notice,XCME,XCME,,,1.0,9,2017
ZB_Z17,ZB,30y Treasury Bond,15 Year to 25 Year US Treasury Bonds,1.0,13:59,14:00,vwap,exch,12:00,12:01,Delivery,exch,12:01,USD,1000.0,0.03125,2017-03-22,2017-12-19,2017-03-21,2017-12-19,2017-12-28,2017-12-28,2017-12-29,2017-12-29,2018-01-02,2018-01-02,,,,first_notice,XCME,XCME,,,1.0,12,2017
ZB_H18,ZB,30y Treasury Bond,15 Year to 25 Year US Treasury Bonds,1.0,13:59,14:00,vwap,exch,12:00,12:01,Delivery,exch,12:01,USD,1000.0,0.03125,2017-06-21,2018-03-20,2017-06-20,2018-03-20,2018-03-28,2018-03-28,2018-03-29,2018-03-29,2018-04-02,2018-04-02,,,,first_notice,XCME,XCME,,,1.0,3,2018
ZB_M18,ZB,30y Treasury Bond,15 Year to 25 Year US Treasury Bonds,1.0,13:59,14:00,vwap,exch,12:00,12:01,Delivery,exch,12:01,USD,1000.0,0.03125,2017-09-20,2018-06-20,2017-09-20,2018-06-20,2018-06-28,2018-06-28,2018-06-29,2018-06-29,2018-07-02,2018-07-02,,,,first_notice,XCME,XCME,,,1.0,6,2018
ZB_U18,ZB,30y Treasury Bond,15 Year to 25 Year US Treasury Bonds,1.0,13:59,14:00,vwap,exch,12:00,12:01,Delivery,exch,12:01,USD,1000.0,0.03125,2017-12-19,2018-09-19,2017-12-19,2018-09-19,2018-09-27,2018-09-27,2018-09-28,2018-09-28,2018-10-01,2018-10-01,,,,first_notice,XCME,XCME,,,1.0,9,2018
UB_H10,UB,Ultra Treasury Bond,25 Year to 30 Year US Treasury Bonds,1.0,13:59,14:00,vwap,exch,12:00,12:01,Delivery,exch,12:01,USD,1000.0,0.03125,2010-01-11,2010-03-19,2009-06-18,2010-03-19,2010-03-30,2010-03-29,2010-03-31,2010-03-30,2010-04-01,2010-03-31,,,,first_notice,XCME,XCME,,,1.0,3,2010
UB_M10,UB,Ultra Treasury Bond,25 Year to 30 Year US Treasury Bonds,1.0,13:59,14:00,vwap,exch,12:00,12:01,Delivery,exch,12:01,USD,1000.0,0.03125,2010-01-11,2010-06-18,2009-09-18,2010-06-18,2010-06-29,2010-06-28,2010-06-30,2010-06-29,2010-07-01,2010-06-30,,,,first_notice,XCME,XCME,,,1.0,6,2010
UB_U10,UB,Ultra Treasury Bond,25 Year to 30 Year US Treasury Bonds,1.0,13:59,14:00,vwap,exch,12:00,12:01,Delivery,exch,12:01,USD,1000.0,0.03125,2010-01-11,2010-09-20,2009-12-18,2010-09-20,2010-09-29,2010-09-28,2010-09-30,2010-09-29,2010-10-01,2010-09-30,,,,first_notice,XCME,XCME,,,1.0,9,2010
UB_Z10,UB,Ultra Treasury Bond,25 Year to 30 Year US Treasury Bonds,1.0,13:59,14:00,vwap,exch,12:00,12:01,Delivery,exch,12:01,USD,1000.0,0.03125,2010-03-23,2010-12-20,2010-03-19,2010-12-20,2010-12-30,2010-12-29,2010-12-31,2010-12-30,2011-01-03,2010-12-31,,,,first_notice,XCME,XCME,,,1.0,12,2010
UB_H11,UB,Ultra Treasury Bond,25 Year to 30 Year US Treasury Bonds,1.0,13:59,14:00,vwap,exch,12:00,12:01,Delivery,exch,12:01,USD,1000.0,0.03125,2010-06-22,2011-03-21,2010-06-18,2011-03-21,2011-03-30,2011-03-29,2011-03-31,2011-03-30,2011-04-01,2011-03-31,,,,first_notice,XCME,XCME,,,1.0,3,2011
UB_M11,UB,Ultra Treasury Bond,25 Year to 30 Year US Treasury Bonds,1.0,13:59,14:00,vwap,exch,12:00,12:01,Delivery,exch,12:01,USD,1000.0,0.03125,2010-09-22,2011-06-20,2010-09-20,2011-06-20,2011-06-29,2011-06-28,2011-06-30,2011-06-29,2011-07-01,2011-06-30,,,,first_notice,XCME,XCME,,,1.0,6,2011
UB_U11,UB,Ultra Treasury Bond,25 Year to 30 Year US Treasury Bonds,1.0,13:59,14:00,vwap,exch,12:00,12:01,Delivery,exch,12:01,USD,1000.0,0.03125,2010-12-22,2011-09-20,2010-12-20,2011-09-20,2011-09-29,2011-09-28,2011-09-30,2011-09-29,2011-10-03,2011-09-30,,,,first_notice,XCME,XCME,,,1.0,9,2011
UB_Z11,UB,Ultra Treasury Bond,25 Year to 30 Year US Treasury Bonds,1.0,13:59,14:00,vwap,exch,12:00,12:01,Delivery,exch,12:01,USD,1000.0,0.03125,2011-03-23,2011-12-20,2011-03-21,2011-12-20,2011-12-29,2011-12-29,2011-12-30,2011-12-30,2012-01-03,2012-01-03,,,,first_notice,XCME,XCME,,,1.0,12,2011
UB_H12,UB,Ultra Treasury Bond,25 Year to 30 Year US Treasury Bonds,1.0,13:59,14:00,vwap,exch,12:00,12:01,Delivery,exch,12:01,USD,1000.0,0.03125,2011-06-22,2012-03-21,2011-06-20,2012-03-21,2012-03-29,2012-03-29,2012-03-30,2012-03-30,2012-04-02,2012-04-02,,,,first_notice,XCME,XCME,,,1.0,3,2012
UB_M12,UB,Ultra Treasury Bond,25 Year to 30 Year US Treasury Bonds,1.0,13:59,14:00,vwap,exch,12:00,12:01,Delivery,exch,12:01,USD,1000.0,0.03125,2011-09-22,2012-06-20,2011-09-20,2012-06-20,2012-06-28,2012-06-28,2012-06-29,2012-06-29,2012-07-02,2012-07-02,,,,first_notice,XCME,XCME,,,1.0,6,2012
UB_U12,UB,Ultra Treasury Bond,25 Year to 30 Year US Treasury Bonds,1.0,13:59,14:00,vwap,exch,12:00,12:01,Delivery,exch,12:01,USD,1000.0,0.03125,2011-12-20,2012-09-19,2011-12-20,2012-09-19,2012-09-27,2012-09-27,2012-09-28,2012-09-28,2012-10-01,2012-10-01,,,,first_notice,XCME,XCME,,,1.0,9,2012
UB_Z12,UB,Ultra Treasury Bond,25 Year to 30 Year US Treasury Bonds,1.0,13:59,14:00,vwap,exch,12:00,12:01,Delivery,exch,12:01,USD,1000.0,0.03125,2012-03-21,2012-12-18,2012-03-21,2012-12-18,2012-12-28,2012-12-27,2012-12-31,2012-12-28,2013-01-02,2012-12-31,,,,first_notice,XCME,XCME,,,1.0,12,2012
UB_H13,UB,Ultra Treasury Bond,25 Year to 30 Year US Treasury Bonds,1.0,13:59,14:00,vwap,exch,12:00,12:01,Delivery,exch,12:01,USD,1000.0,0.03125,2012-06-21,2013-03-19,2012-06-20,2013-03-19,2013-03-27,2013-03-27,2013-03-28,2013-03-28,2013-04-01,2013-04-01,,,,first_notice,XCME,XCME,,,1.0,3,2013
UB_M13,UB,Ultra Treasury Bond,25 Year to 30 Year US Treasury Bonds,1.0,13:59,14:00,vwap,exch,12:00,12:01,Delivery,exch,12:01,USD,1000.0,0.03125,2012-09-20,2013-06-19,2012-09-19,2013-06-19,2013-06-27,2013-06-27,2013-06-28,2013-06-28,2013-07-01,2013-07-01,,,,first_notice,XCME,XCME,,,1.0,6,2013
UB_U13,UB,Ultra Treasury Bond,25 Year to 30 Year US Treasury Bonds,1.0,13:59,14:00,vwap,exch,12:00,12:01,Delivery,exch,12:01,USD,1000.0,0.03125,2012-12-20,2013-09-18,2012-12-18,2013-09-18,2013-09-27,2013-09-26,2013-09-30,2013-09-27,2013-10-01,2013-09-30,,,,first_notice,XCME,XCME,,,1.0,9,2013
UB_Z13,UB,Ultra Treasury Bond,25 Year to 30 Year US Treasury Bonds,1.0,13:59,14:00,vwap,exch,12:00,12:01,Delivery,exch,12:01,USD,1000.0,0.03125,2013-03-20,2013-12-18,2013-03-19,2013-12-18,2013-12-30,2013-12-27,2013-12-31,2013-12-30,2014-01-02,2013-12-31,,,,first_notice,XCME,XCME,,,1.0,12,2013
UB_H14,UB,Ultra Treasury Bond,25 Year to 30 Year US Treasury Bonds,1.0,13:59,14:00,vwap,exch,12:00,12:01,Delivery,exch,12:01,USD,1000.0,0.03125,2013-06-20,2014-03-19,2013-06-19,2014-03-19,2014-03-28,2014-03-27,2014-03-31,2014-03-28,2014-04-01,2014-03-31,,,,first_notice,XCME,XCME,,,1.0,3,2014
UB_M14,UB,Ultra Treasury Bond,25 Year to 30 Year US Treasury Bonds,1.0,13:59,14:00,vwap,exch,12:00,12:01,Delivery,exch,12:01,USD,1000.0,0.03125,2013-09-20,2014-06-18,2013-09-18,2014-06-18,2014-06-27,2014-06-26,2014-06-30,2014-06-27,2014-07-01,2014-06-30,,,,first_notice,XCME,XCME,,,1.0,6,2014
UB_U14,UB,Ultra Treasury Bond,25 Year to 30 Year US Treasury Bonds,1.0,13:59,14:00,vwap,exch,12:00,12:01,Delivery,exch,12:01,USD,1000.0,0.03125,2013-12-20,2014-09-18,2013-12-18,2014-09-18,2014-09-29,2014-09-26,2014-09-30,2014-09-29,2014-10-01,2014-09-30,,,,first_notice,XCME,XCME,,,1.0,9,2014
UB_Z14,UB,Ultra Treasury Bond,25 Year to 30 Year US Treasury Bonds,1.0,13:59,14:00,vwap,exch,12:00,12:01,Delivery,exch,12:01,USD,1000.0,0.03125,2014-03-20,2014-12-18,2014-03-19,2014-12-18,2014-12-30,2014-12-29,2014-12-31,2014-12-30,2015-01-02,2014-12-31,,,,first_notice,XCME,XCME,,,1.0,12,2014
UB_H15,UB,Ultra Treasury Bond,25 Year to 30 Year US Treasury Bonds,1.0,13:59,14:00,vwap,exch,12:00,12:01,Delivery,exch,12:01,USD,1000.0,0.03125,2014-06-20,2015-03-19,2014-06-18,2015-03-19,2015-03-30,2015-03-27,2015-03-31,2015-03-30,2015-04-01,2015-03-31,,,,first_notice,XCME,XCME,,,1.0,3,2015
UB_M15,UB,Ultra Treasury Bond,25 Year to 30 Year US Treasury Bonds,1.0,13:59,14:00,vwap,exch,12:00,12:01,Delivery,exch,12:01,USD,1000.0,0.03125,2014-09-19,2015-06-18,2014-09-18,2015-06-18,2015-06-29,2015-06-26,2015-06-30,2015-06-29,2015-07-01,2015-06-30,,,,first_notice,XCME,XCME,,,1.0,6,2015
UB_U15,UB,Ultra Treasury Bond,25 Year to 30 Year US Treasury Bonds,1.0,13:59,14:00,vwap,exch,12:00,12:01,Delivery,exch,12:01,USD,1000.0,0.03125,2014-12-19,2015-09-18,2014-12-18,2015-09-18,2015-09-29,2015-09-28,2015-09-30,2015-09-29,2015-10-01,2015-09-30,,,,first_notice,XCME,XCME,,,1.0,9,2015
UB_Z15,UB,Ultra Treasury Bond,25 Year to 30 Year US Treasury Bonds,1.0,13:59,14:00,vwap,exch,12:00,12:01,Delivery,exch,12:01,USD,1000.0,0.03125,2015-03-20,2015-12-18,2015-03-19,2015-12-18,2015-12-30,2015-12-29,2015-12-31,2015-12-30,2016-01-04,2015-12-31,,,,first_notice,XCME,XCME,,,1.0,12,2015
UB_H16,UB,Ultra Treasury Bond,25 Year to 30 Year US Treasury Bonds,1.0,13:59,14:00,vwap,exch,12:00,12:01,Delivery,exch,12:01,USD,1000.0,0.03125,2015-06-19,2016-03-18,2015-06-18,2016-03-18,2016-03-30,2016-03-29,2016-03-31,2016-03-30,2016-04-01,2016-03-31,,,,first_notice,XCME,XCME,,,1.0,3,2016
UB_M16,UB,Ultra Treasury Bond,25 Year to 30 Year US Treasury Bonds,1.0,13:59,14:00,vwap,exch,12:00,12:01,Delivery,exch,12:01,USD,1000.0,0.03125,2015-09-21,2016-06-20,2015-09-18,2016-06-20,2016-06-29,2016-06-28,2016-06-30,2016-06-29,2016-07-01,2016-06-30,,,,first_notice,XCME,XCME,,,1.0,6,2016
UB_U16,UB,Ultra Treasury Bond,25 Year to 30 Year US Treasury Bonds,1.0,13:59,14:00,vwap,exch,12:00,12:01,Delivery,exch,12:01,USD,1000.0,0.03125,2015-12-21,2016-09-20,2015-12-18,2016-09-20,2016-09-29,2016-09-28,2016-09-30,2016-09-29,2016-10-03,2016-09-30,,,,first_notice,XCME,XCME,,,1.0,9,2016
UB_Z16,UB,Ultra Treasury Bond,25 Year to 30 Year US Treasury Bonds,1.0,13:59,14:00,vwap,exch,12:00,12:01,Delivery,exch,12:01,USD,1000.0,0.03125,2016-03-21,2016-12-20,2016-03-18,2016-12-20,2016-12-29,2016-12-29,2016-12-30,2016-12-30,2017-01-03,2017-01-03,,,,first_notice,XCME,XCME,,,1.0,12,2016
UB_H17,UB,Ultra Treasury Bond,25 Year to 30 Year US Treasury Bonds,1.0,13:59,14:00,vwap,exch,12:00,12:01,Delivery,exch,12:01,USD,1000.0,0.03125,2016-06-21,2017-03-21,2016-06-20,2017-03-21,2017-03-30,2017-03-29,2017-03-31,2017-03-30,2017-04-03,2017-03-31,,,,first_notice,XCME,XCME,,,1.0,3,2017
UB_M17,UB,Ultra Treasury Bond,25 Year to 30 Year US Treasury Bonds,1.0,13:59,14:00,vwap,exch,12:00,12:01,Delivery,exch,12:01,USD,1000.0,0.03125,2016-09-21,2017-06-20,2016-09-20,2017-06-20,2017-06-29,2017-06-28,2017-06-30,2017-06-29,2017-07-03,2017-06-30,,,,first_notice,XCME,XCME,,,1.0,6,2017
UB_U17,UB,Ultra Treasury Bond,25 Year to 30 Year US Treasury Bonds,1.0,13:59,14:00,vwap,exch,12:00,12:01,Delivery,exch,12:01,USD,1000.0,0.03125,2016-12-21,2017-09-20,2016-12-20,2017-09-20,2017-09-28,2017-09-28,2017-09-29,2017-09-29,2017-10-02,2017-10-02,,,,first_notice,XCME,XCME,,,1.0,9,2017
UB_Z17,UB,Ultra Treasury Bond,25 Year to 30 Year US Treasury Bonds,1.0,13:59,14:00,vwap,exch,12:00,12:01,Delivery,exch,12:01,USD,1000.0,0.03125,2017-03-22,2017-12-19,2017-03-21,2017-12-19,2017-12-28,2017-12-28,2017-12-29,2017-12-29,2018-01-02,2018-01-02,,,,first_notice,XCME,XCME,,,1.0,12,2017
UB_H18,UB,Ultra Treasury Bond,25 Year to 30 Year US Treasury Bonds,1.0,13:59,14:00,vwap,exch,12:00,12:01,Delivery,exch,12:01,USD,1000.0,0.03125,2017-06-22,2018-03-20,2017-06-20,2018-03-20,2018-03-28,2018-03-28,2018-03-29,2018-03-29,2018-04-02,2018-04-02,,,,first_notice,XCME,XCME,,,1.0,3,2018
UB_M18,UB,Ultra Treasury Bond,25 Year to 30 Year US Treasury Bonds,1.0,13:59,14:00,vwap,exch,12:00,12:01,Delivery,exch,12:01,USD,1000.0,0.03125,2017-09-20,2018-06-20,2017-09-20,2018-06-20,2018-06-28,2018-06-28,2018-06-29,2018-06-29,2018-07-02,2018-07-02,,,,first_notice,XCME,XCME,,,1.0,6,2018
UB_U18,UB,Ultra Treasury Bond,25 Year to 30 Year US Treasury Bonds,1.0,13:59,14:00,vwap,exch,12:00,12:01,Delivery,exch,12:01,USD,1000.0,0.03125,2017-12-19,2018-09-19,2017-12-19,2018-09-19,2018-09-27,2018-09-27,2018-09-28,2018-09-28,2018-10-01,2018-10-01,,,,first_notice,XCME,XCME,,,1.0,9,2018
